file_id,file_name,local_file_name,local_path,size_bytes,modified_time
1-6xWPcGJL5YOAjVHAOVktYVB62Wc0psB,IMG_0207.JPG,1-6xWPcGJL5YOAjVHAOVktYVB62Wc0psB__IMG_0207.JPG,data/staging/1-6xWPcGJL5YOAjVHAOVktYVB62Wc0psB__IMG_0207.JPG,2555309,2026-01-16T23:56:09.317730
1-6zTX_vOJDezBgUcMi2LZDkvPHVLr_oO,IMG_0141.JPG,1-6zTX_vOJDezBgUcMi2LZDkvPHVLr_oO__IMG_0141.JPG,data/staging/1-6zTX_vOJDezBgUcMi2LZDkvPHVLr_oO__IMG_0141.JPG,2798882,2026-01-16T23:57:19.301696
1-Ryee8FMQV8JoKPjwZK9YrJwMCzOQ4kp,IMG_0066.JPG,1-Ryee8FMQV8JoKPjwZK9YrJwMCzOQ4kp__IMG_0066.JPG,data/staging/1-Ryee8FMQV8JoKPjwZK9YrJwMCzOQ4kp__IMG_0066.JPG,632824,2026-01-17T00:09:41.176242
105PHMBXY8dnVCV9XskO5wZjq7tKIuxBa,IMG_0028.JPG,105PHMBXY8dnVCV9XskO5wZjq7tKIuxBa__IMG_0028.JPG,data/staging/105PHMBXY8dnVCV9XskO5wZjq7tKIuxBa__IMG_0028.JPG,1679466,2026-01-17T00:10:29.188960
10F0s34QD4pm7czM9f_lvVaoAx-xO3Ox8,IMG_0101.JPG,10F0s34QD4pm7czM9f_lvVaoAx-xO3Ox8__IMG_0101.JPG,data/staging/10F0s34QD4pm7czM9f_lvVaoAx-xO3Ox8__IMG_0101.JPG,675336,2026-01-16T23:58:09.055146
10ZnU8HJhruoKKvtiqGZ6wy8C_HVLtJ5h,IMG_0292.JPG,10ZnU8HJhruoKKvtiqGZ6wy8C_HVLtJ5h__IMG_0292.JPG,data/staging/10ZnU8HJhruoKKvtiqGZ6wy8C_HVLtJ5h__IMG_0292.JPG,715827,2026-01-16T23:54:39.581094
10fmSZgbAi8Y79Wv_PE5dUXQJrdwGefjw,IMG_0069.JPG,10fmSZgbAi8Y79Wv_PE5dUXQJrdwGefjw__IMG_0069.JPG,data/staging/10fmSZgbAi8Y79Wv_PE5dUXQJrdwGefjw__IMG_0069.JPG,2378691,2026-01-16T23:58:42.011253
1148VG333qxXwp2wq1LJcl4-RTLXB-SS9,IMG_0034.JPG,1148VG333qxXwp2wq1LJcl4-RTLXB-SS9__IMG_0034.JPG,data/staging/1148VG333qxXwp2wq1LJcl4-RTLXB-SS9__IMG_0034.JPG,525397,2026-01-17T00:10:16.608357
11KdjGIr-C0NX3p326wXk4OuIoxKKX-tf,IMG_0071.JPG,11KdjGIr-C0NX3p326wXk4OuIoxKKX-tf__IMG_0071.JPG,data/staging/11KdjGIr-C0NX3p326wXk4OuIoxKKX-tf__IMG_0071.JPG,701889,2026-01-16T23:58:39.817942
11UtiCgYKwxKAr-xto3oDjjOOm-d82_5V,IMG_0127.JPG,11UtiCgYKwxKAr-xto3oDjjOOm-d82_5V__IMG_0127.JPG,data/staging/11UtiCgYKwxKAr-xto3oDjjOOm-d82_5V__IMG_0127.JPG,1186786,2026-01-16T23:57:35.599135
11ZXBv3fw4itOYnt4qeehZPCqmKB_fQO4,IMG_0294.JPG,11ZXBv3fw4itOYnt4qeehZPCqmKB_fQO4__IMG_0294.JPG,data/staging/11ZXBv3fw4itOYnt4qeehZPCqmKB_fQO4__IMG_0294.JPG,711592,2026-01-16T23:54:37.467609
11cp0vbfLS5HiRK6-nAdjdYBMi0V6484d,IMG_0356.JPG,11cp0vbfLS5HiRK6-nAdjdYBMi0V6484d__IMG_0356.JPG,data/staging/11cp0vbfLS5HiRK6-nAdjdYBMi0V6484d__IMG_0356.JPG,703967,2026-01-16T23:53:21.973201
11lpP7WCGuMXJu6-tWEK-CoXGJDUXNywd,IMG_0320.JPG,11lpP7WCGuMXJu6-tWEK-CoXGJDUXNywd__IMG_0320.JPG,data/staging/11lpP7WCGuMXJu6-tWEK-CoXGJDUXNywd__IMG_0320.JPG,675933,2026-01-16T23:54:03.040416
11tkelr3gEKxhoXPh6-H_9nuPUBJKh4de,IMG_0288.JPG,11tkelr3gEKxhoXPh6-H_9nuPUBJKh4de__IMG_0288.JPG,data/staging/11tkelr3gEKxhoXPh6-H_9nuPUBJKh4de__IMG_0288.JPG,711893,2026-01-16T23:54:43.479431
121GghKercjXhS0mN8PTg76c2kcKnKvS,_IMG_0237.JPG,121GghKercjXhS0mN8PTg76c2kcKnKvS___IMG_0237.JPG,data/staging/121GghKercjXhS0mN8PTg76c2kcKnKvS___IMG_0237.JPG,2471187,2026-01-16T23:55:37.901014
12BccUc4LcpItXjFJTrvCparxJGVjLw3P,IMG_0248.JPG,12BccUc4LcpItXjFJTrvCparxJGVjLw3P__IMG_0248.JPG,data/staging/12BccUc4LcpItXjFJTrvCparxJGVjLw3P__IMG_0248.JPG,501100,2026-01-16T23:55:28.253302
12cZvh1SyRi4FHLmNyppplUtGVdqE7bUR,IMG_0273.JPG,12cZvh1SyRi4FHLmNyppplUtGVdqE7bUR__IMG_0273.JPG,data/staging/12cZvh1SyRi4FHLmNyppplUtGVdqE7bUR__IMG_0273.JPG,794921,2026-01-16T23:54:56.803430
12h9JsQHSBXDPJdK7j-uYUkynYIXAxbHn,IMG_0264.JPG,12h9JsQHSBXDPJdK7j-uYUkynYIXAxbHn__IMG_0264.JPG,data/staging/12h9JsQHSBXDPJdK7j-uYUkynYIXAxbHn__IMG_0264.JPG,2649188,2026-01-16T23:55:08.557733
12rUAoKOYG72dxk61mTMQNuKilTKCfPV4,IMG_0051.JPG,12rUAoKOYG72dxk61mTMQNuKilTKCfPV4__IMG_0051.JPG,data/staging/12rUAoKOYG72dxk61mTMQNuKilTKCfPV4__IMG_0051.JPG,2636899,2026-01-17T00:09:56.214069
13Lt80S_WpQKvhsmte8AwfGTZLhyRUzwl,IMG_0138.JPG,13Lt80S_WpQKvhsmte8AwfGTZLhyRUzwl__IMG_0138.JPG,data/staging/13Lt80S_WpQKvhsmte8AwfGTZLhyRUzwl__IMG_0138.JPG,697170,2026-01-16T23:57:23.802829
13ecFnFbcvzI-9iiBLaOuWEbg1LlusEJO,IMG_0113.JPG,13ecFnFbcvzI-9iiBLaOuWEbg1LlusEJO__IMG_0113.JPG,data/staging/13ecFnFbcvzI-9iiBLaOuWEbg1LlusEJO__IMG_0113.JPG,694066,2026-01-16T23:57:52.106184
13pdLfETd_DMaRMrk-YDrE8pIMY-mjefZ,IMG_0031.JPG,13pdLfETd_DMaRMrk-YDrE8pIMY-mjefZ__IMG_0031.JPG,data/staging/13pdLfETd_DMaRMrk-YDrE8pIMY-mjefZ__IMG_0031.JPG,2583242,2026-01-17T00:10:24.542476
13vg3kV9PuKaOFW2N28_Ix6KoH_OpwfT2,IMG_0219.JPG,13vg3kV9PuKaOFW2N28_Ix6KoH_OpwfT2__IMG_0219.JPG,data/staging/13vg3kV9PuKaOFW2N28_Ix6KoH_OpwfT2__IMG_0219.JPG,699058,2026-01-16T23:56:00.111804
142FLrtwKRmbBbrlwjyOmpU-OQEUBFl8A,IMG_0243.JPG,142FLrtwKRmbBbrlwjyOmpU-OQEUBFl8A__IMG_0243.JPG,data/staging/142FLrtwKRmbBbrlwjyOmpU-OQEUBFl8A__IMG_0243.JPG,892927,2026-01-16T23:55:32.697686
143x84zC1j52g1F_Lr4-_B66bQw3J8ZKC,IMG_0139.JPG,143x84zC1j52g1F_Lr4-_B66bQw3J8ZKC__IMG_0139.JPG,data/staging/143x84zC1j52g1F_Lr4-_B66bQw3J8ZKC__IMG_0139.JPG,2772547,2026-01-16T23:57:22.312730
14JfzvExEmoJe38c9y6EKmA0I5Zz_-TZS,IMG_0124.JPG,14JfzvExEmoJe38c9y6EKmA0I5Zz_-TZS__IMG_0124.JPG,data/staging/14JfzvExEmoJe38c9y6EKmA0I5Zz_-TZS__IMG_0124.JPG,2373804,2026-01-16T23:57:38.238979
14OnfQpNWiJbiLR0Mq-JIs9_1CftIK8uy,IMG_0291.JPG,14OnfQpNWiJbiLR0Mq-JIs9_1CftIK8uy__IMG_0291.JPG,data/staging/14OnfQpNWiJbiLR0Mq-JIs9_1CftIK8uy__IMG_0291.JPG,710885,2026-01-16T23:54:41.016723
14RbAP65GIcPROXhRFYeLsY53aOBr-qu8,IMG_0050.JPG,14RbAP65GIcPROXhRFYeLsY53aOBr-qu8__IMG_0050.JPG,data/staging/14RbAP65GIcPROXhRFYeLsY53aOBr-qu8__IMG_0050.JPG,2638070,2026-01-17T00:09:58.011602
14jwIcUoCACIveLB9S2iCcIiWXnlar66w,IMG_0200.JPG,14jwIcUoCACIveLB9S2iCcIiWXnlar66w__IMG_0200.JPG,data/staging/14jwIcUoCACIveLB9S2iCcIiWXnlar66w__IMG_0200.JPG,2558611,2026-01-16T23:56:16.224154
14kijpIfGq1LsO2t7eGzCIorUYoYFyZ_G,IMG_0339.JPG,14kijpIfGq1LsO2t7eGzCIorUYoYFyZ_G__IMG_0339.JPG,data/staging/14kijpIfGq1LsO2t7eGzCIorUYoYFyZ_G__IMG_0339.JPG,2164154,2026-01-16T23:53:40.504153
155HQG7vhGvCvHJE5TCpNpWR_9eXOx22w,IMG_0187.JPG,155HQG7vhGvCvHJE5TCpNpWR_9eXOx22w__IMG_0187.JPG,data/staging/155HQG7vhGvCvHJE5TCpNpWR_9eXOx22w__IMG_0187.JPG,1110319,2026-01-16T23:56:27.756742
159s2i1Wc9SMMt4XSwdQCDbEjLa56Qy-s,IMG_0178.JPG,159s2i1Wc9SMMt4XSwdQCDbEjLa56Qy-s__IMG_0178.JPG,data/staging/159s2i1Wc9SMMt4XSwdQCDbEjLa56Qy-s__IMG_0178.JPG,2628966,2026-01-16T23:56:36.709649
15RCYZLolhhAmsLVRwI7AyPa-EwP2-4Jp,IMG_0307.JPG,15RCYZLolhhAmsLVRwI7AyPa-EwP2-4Jp__IMG_0307.JPG,data/staging/15RCYZLolhhAmsLVRwI7AyPa-EwP2-4Jp__IMG_0307.JPG,2411183,2026-01-16T23:54:19.142735
15V-QvNxaeqA2cTj7yANPQfzJMJqY1zqs,IMG_0052.JPG,15V-QvNxaeqA2cTj7yANPQfzJMJqY1zqs__IMG_0052.JPG,data/staging/15V-QvNxaeqA2cTj7yANPQfzJMJqY1zqs__IMG_0052.JPG,703940,2026-01-17T00:09:55.056906
15o-aMvcan_WGvZYvhOXlgomzFx8aAdXl,IMG_0021.JPG,15o-aMvcan_WGvZYvhOXlgomzFx8aAdXl__IMG_0021.JPG,data/staging/15o-aMvcan_WGvZYvhOXlgomzFx8aAdXl__IMG_0021.JPG,652754,2026-01-17T00:10:41.149701
15oGA5QwzzhzKO7RmKelXe7vngDAg8ykN,IMG_0008.JPG,15oGA5QwzzhzKO7RmKelXe7vngDAg8ykN__IMG_0008.JPG,data/staging/15oGA5QwzzhzKO7RmKelXe7vngDAg8ykN__IMG_0008.JPG,578217,2026-01-17T00:10:56.621266
166n0IYtCCqLX1XVlCI0349Z_SpFmonum,IMG_0122.JPG,166n0IYtCCqLX1XVlCI0349Z_SpFmonum__IMG_0122.JPG,data/staging/166n0IYtCCqLX1XVlCI0349Z_SpFmonum__IMG_0122.JPG,2674503,2026-01-16T23:57:40.370475
16KMI6Faxy8VJKdMAYBjnJkkBztU2B7rR,IMG_0119.JPG,16KMI6Faxy8VJKdMAYBjnJkkBztU2B7rR__IMG_0119.JPG,data/staging/16KMI6Faxy8VJKdMAYBjnJkkBztU2B7rR__IMG_0119.JPG,1151002,2026-01-16T23:57:44.153172
16NK1Wzic1hwvt6m3zpUyyIVBq1pOzYkK,IMG_0057.JPG,16NK1Wzic1hwvt6m3zpUyyIVBq1pOzYkK__IMG_0057.JPG,data/staging/16NK1Wzic1hwvt6m3zpUyyIVBq1pOzYkK__IMG_0057.JPG,660735,2026-01-17T00:09:51.505790
16QoTQ7Y7IWuJSCYiRDYaifi3dtbijWvh,IMG_0146.JPG,16QoTQ7Y7IWuJSCYiRDYaifi3dtbijWvh__IMG_0146.JPG,data/staging/16QoTQ7Y7IWuJSCYiRDYaifi3dtbijWvh__IMG_0146.JPG,698195,2026-01-16T23:57:09.177553
16eX8CTqEhfZI_aXbXhHQEAozWt6T6Q5d,IMG_0335.JPG,16eX8CTqEhfZI_aXbXhHQEAozWt6T6Q5d__IMG_0335.JPG,data/staging/16eX8CTqEhfZI_aXbXhHQEAozWt6T6Q5d__IMG_0335.JPG,1393277,2026-01-16T23:53:45.076634
17NJXKVb5irarmT-nYRjIc55eOUUWLZu6,IMG_0229.JPG,17NJXKVb5irarmT-nYRjIc55eOUUWLZu6__IMG_0229.JPG,data/staging/17NJXKVb5irarmT-nYRjIc55eOUUWLZu6__IMG_0229.JPG,760062,2026-01-16T23:55:46.123207
17NulKEQKxjqMOrqZJax8EwnoXfPZLY2e,IMG_0104.JPG,17NulKEQKxjqMOrqZJax8EwnoXfPZLY2e__IMG_0104.JPG,data/staging/17NulKEQKxjqMOrqZJax8EwnoXfPZLY2e__IMG_0104.JPG,674656,2026-01-16T23:58:06.809770
181MzAxxWRza77k6BApKDA9PiwWgv1fkK,IMG_0102.JPG,181MzAxxWRza77k6BApKDA9PiwWgv1fkK__IMG_0102.JPG,data/staging/181MzAxxWRza77k6BApKDA9PiwWgv1fkK__IMG_0102.JPG,551127,2026-01-16T23:58:08.322659
18BXySlJu9V2QFSkgIBODxKiX95TIqWHF,IMG_0048.JPG,18BXySlJu9V2QFSkgIBODxKiX95TIqWHF__IMG_0048.JPG,data/staging/18BXySlJu9V2QFSkgIBODxKiX95TIqWHF__IMG_0048.JPG,707065,2026-01-17T00:10:01.292430
18Big2oW3vV6WPKraMeXesv-qkCJX2rHq,IMG_0280.JPG,18Big2oW3vV6WPKraMeXesv-qkCJX2rHq__IMG_0280.JPG,data/staging/18Big2oW3vV6WPKraMeXesv-qkCJX2rHq__IMG_0280.JPG,668395,2026-01-16T23:54:51.479735
18g0oavstSxfL-oiem150aoD7GckXnmGw,IMG_0205.JPG,18g0oavstSxfL-oiem150aoD7GckXnmGw__IMG_0205.JPG,data/staging/18g0oavstSxfL-oiem150aoD7GckXnmGw__IMG_0205.JPG,2501576,2026-01-16T23:56:11.308665
18wIpjpyiUCf64SwTmtBNwB-kfpxUAvpS,IMG_0272.JPG,18wIpjpyiUCf64SwTmtBNwB-kfpxUAvpS__IMG_0272.JPG,data/staging/18wIpjpyiUCf64SwTmtBNwB-kfpxUAvpS__IMG_0272.JPG,743518,2026-01-16T23:54:57.630499
19K-b2TJzJjcA0PqdL7Q4VQWyjpawAX3-,IMG_0045.JPG,19K-b2TJzJjcA0PqdL7Q4VQWyjpawAX3-__IMG_0045.JPG,data/staging/19K-b2TJzJjcA0PqdL7Q4VQWyjpawAX3-__IMG_0045.JPG,2735861,2026-01-17T00:10:04.174106
19Sy21FZOdAChmFy58sOSktZ7hPdHDXYX,IMG_0030.JPG,19Sy21FZOdAChmFy58sOSktZ7hPdHDXYX__IMG_0030.JPG,data/staging/19Sy21FZOdAChmFy58sOSktZ7hPdHDXYX__IMG_0030.JPG,1903894,2026-01-17T00:10:25.507055
19U3fRokla0gmmbMiIJa8_hIzXsKzct3x,IMG_0029.JPG,19U3fRokla0gmmbMiIJa8_hIzXsKzct3x__IMG_0029.JPG,data/staging/19U3fRokla0gmmbMiIJa8_hIzXsKzct3x__IMG_0029.JPG,1830575,2026-01-17T00:10:26.275631
19X2JzduTXcNEi3pHTjRMg4zYD334-9wq,IMG_0304.JPG,19X2JzduTXcNEi3pHTjRMg4zYD334-9wq__IMG_0304.JPG,data/staging/19X2JzduTXcNEi3pHTjRMg4zYD334-9wq__IMG_0304.JPG,726315,2026-01-16T23:54:22.540736
1ABt_SzTdVSS6h8Z0Lr5cV0iM89hvWjer,IMG_0042.JPG,1ABt_SzTdVSS6h8Z0Lr5cV0iM89hvWjer__IMG_0042.JPG,data/staging/1ABt_SzTdVSS6h8Z0Lr5cV0iM89hvWjer__IMG_0042.JPG,2687844,2026-01-17T00:10:08.013155
1AW-ZC-0jsqVo6GvdF7gMpquSo33O8s9L,IMG_0330.JPG,1AW-ZC-0jsqVo6GvdF7gMpquSo33O8s9L__IMG_0330.JPG,data/staging/1AW-ZC-0jsqVo6GvdF7gMpquSo33O8s9L__IMG_0330.JPG,674037,2026-01-16T23:53:49.370743
1AX3pr0_LlRl6RfDYzzu-jnaVanYc-2sm,IMG_0004.JPG,1AX3pr0_LlRl6RfDYzzu-jnaVanYc-2sm__IMG_0004.JPG,data/staging/1AX3pr0_LlRl6RfDYzzu-jnaVanYc-2sm__IMG_0004.JPG,1988373,2026-01-17T00:11:04.326044
1B1PhCXA65rcmjvqDjKMpZMClmMgqequ2,IMG_0208.JPG,1B1PhCXA65rcmjvqDjKMpZMClmMgqequ2__IMG_0208.JPG,data/staging/1B1PhCXA65rcmjvqDjKMpZMClmMgqequ2__IMG_0208.JPG,1854599,2026-01-16T23:56:08.550142
1B2tvOyOM7Vhq_eZNeZPkNyi9cRG7CadJ,IMG_0245.JPG,1B2tvOyOM7Vhq_eZNeZPkNyi9cRG7CadJ__IMG_0245.JPG,data/staging/1B2tvOyOM7Vhq_eZNeZPkNyi9cRG7CadJ__IMG_0245.JPG,765059,2026-01-16T23:55:30.469038
1B5tuQGoSe1GiD0WvbRbfQ9yBfbstk2v,_IMG_0163.JPG,1B5tuQGoSe1GiD0WvbRbfQ9yBfbstk2v___IMG_0163.JPG,data/staging/1B5tuQGoSe1GiD0WvbRbfQ9yBfbstk2v___IMG_0163.JPG,617206,2026-01-16T23:56:50.585714
1Bcyw2TPnpj5wnPyb-qf-BcDO9FWCe2A2,IMG_0098.JPG,1Bcyw2TPnpj5wnPyb-qf-BcDO9FWCe2A2__IMG_0098.JPG,data/staging/1Bcyw2TPnpj5wnPyb-qf-BcDO9FWCe2A2__IMG_0098.JPG,2290903,2026-01-16T23:58:11.880604
1BfFMC_mOG9JwQB2ZgjxoYeWW8i55-rp,_IMG_0112.JPG,1BfFMC_mOG9JwQB2ZgjxoYeWW8i55-rp___IMG_0112.JPG,data/staging/1BfFMC_mOG9JwQB2ZgjxoYeWW8i55-rp___IMG_0112.JPG,757923,2026-01-16T23:57:55.101461
1C43rOKS73Wu8F7Eoyv9Xb8nT3zSb8uoI,IMG_0162.JPG,1C43rOKS73Wu8F7Eoyv9Xb8nT3zSb8uoI__IMG_0162.JPG,data/staging/1C43rOKS73Wu8F7Eoyv9Xb8nT3zSb8uoI__IMG_0162.JPG,699947,2026-01-16T23:56:51.613360
1C50mnmzG2QgBcF6HFLJzNYv6W93axbwR,IMG_0213.JPG,1C50mnmzG2QgBcF6HFLJzNYv6W93axbwR__IMG_0213.JPG,data/staging/1C50mnmzG2QgBcF6HFLJzNYv6W93axbwR__IMG_0213.JPG,689203,2026-01-16T23:56:04.161771
1CDESXnsHX9U5HKDff2JTzW5Q-i4uu0-l,IMG_0350.JPG,1CDESXnsHX9U5HKDff2JTzW5Q-i4uu0-l__IMG_0350.JPG,data/staging/1CDESXnsHX9U5HKDff2JTzW5Q-i4uu0-l__IMG_0350.JPG,704131,2026-01-16T23:53:28.378870
1CQYx8IwyrbphjHFQlUIxO9FUdhmn_sEZ,IMG_0324.JPG,1CQYx8IwyrbphjHFQlUIxO9FUdhmn_sEZ__IMG_0324.JPG,data/staging/1CQYx8IwyrbphjHFQlUIxO9FUdhmn_sEZ__IMG_0324.JPG,1654387,2026-01-16T23:53:57.878340
1CkRX2OwEQLhdj_56PIQUKYpcL0L06-U8,IMG_0240.JPG,1CkRX2OwEQLhdj_56PIQUKYpcL0L06-U8__IMG_0240.JPG,data/staging/1CkRX2OwEQLhdj_56PIQUKYpcL0L06-U8__IMG_0240.JPG,760397,2026-01-16T23:55:35.480940
1CnMW73t-I_0rBeQ7y8jNGFBiqJ6cksaZ,IMG_0215.JPG,1CnMW73t-I_0rBeQ7y8jNGFBiqJ6cksaZ__IMG_0215.JPG,data/staging/1CnMW73t-I_0rBeQ7y8jNGFBiqJ6cksaZ__IMG_0215.JPG,691976,2026-01-16T23:56:02.616376
1D6GCrgcICdv4ijM8cOsICgsFVZVcg6EA,IMG_0227.JPG,1D6GCrgcICdv4ijM8cOsICgsFVZVcg6EA__IMG_0227.JPG,data/staging/1D6GCrgcICdv4ijM8cOsICgsFVZVcg6EA__IMG_0227.JPG,690856,2026-01-16T23:55:50.186251
1DBKUNVSGOi_YURQge44DJBKRPKduvcdJ,IMG_0023.JPG,1DBKUNVSGOi_YURQge44DJBKRPKduvcdJ__IMG_0023.JPG,data/staging/1DBKUNVSGOi_YURQge44DJBKRPKduvcdJ__IMG_0023.JPG,2482577,2026-01-17T00:10:36.807094
1DF623zpG_JrprdoJ8DsMDHjVxbph7vET,IMG_0075.JPG,1DF623zpG_JrprdoJ8DsMDHjVxbph7vET__IMG_0075.JPG,data/staging/1DF623zpG_JrprdoJ8DsMDHjVxbph7vET__IMG_0075.JPG,666144,2026-01-16T23:58:36.317898
1DJWOiBs5iBA5rl38vDAkr7CYFardNe2l,IMG_0230.JPG,1DJWOiBs5iBA5rl38vDAkr7CYFardNe2l__IMG_0230.JPG,data/staging/1DJWOiBs5iBA5rl38vDAkr7CYFardNe2l__IMG_0230.JPG,693874,2026-01-16T23:55:44.652530
1DMbsKv-IhlwuCLW_9cUCP8dd0jHv1e0l,IMG_0140.JPG,1DMbsKv-IhlwuCLW_9cUCP8dd0jHv1e0l__IMG_0140.JPG,data/staging/1DMbsKv-IhlwuCLW_9cUCP8dd0jHv1e0l__IMG_0140.JPG,2673218,2026-01-16T23:57:20.647387
1DQusFtV5yQJ0bJEx86N_cYkXH4SK_jJX,IMG_0093.JPG,1DQusFtV5yQJ0bJEx86N_cYkXH4SK_jJX__IMG_0093.JPG,data/staging/1DQusFtV5yQJ0bJEx86N_cYkXH4SK_jJX__IMG_0093.JPG,554166,2026-01-16T23:58:19.305129
1DplVPyfvh4WXEXVy4ixSszJuGeSU69_P,IMG_0110.JPG,1DplVPyfvh4WXEXVy4ixSszJuGeSU69_P__IMG_0110.JPG,data/staging/1DplVPyfvh4WXEXVy4ixSszJuGeSU69_P__IMG_0110.JPG,691021,2026-01-16T23:57:57.609554
1DtXbKTuT4c5_kCwtOyRG7hCRJWzao6bL,IMG_0257.JPG,1DtXbKTuT4c5_kCwtOyRG7hCRJWzao6bL__IMG_0257.JPG,data/staging/1DtXbKTuT4c5_kCwtOyRG7hCRJWzao6bL__IMG_0257.JPG,2694520,2026-01-16T23:55:17.240128
1DzsZ9hk6HC5g1qnA_vU5um9t0g_g-PT-,IMG_0276.JPG,1DzsZ9hk6HC5g1qnA_vU5um9t0g_g-PT-__IMG_0276.JPG,data/staging/1DzsZ9hk6HC5g1qnA_vU5um9t0g_g-PT-__IMG_0276.JPG,710524,2026-01-16T23:54:54.540779
1E0B3iWSIemDEhCFP_3hrx91BAcSdbnvi,IMG_0362.JPG,1E0B3iWSIemDEhCFP_3hrx91BAcSdbnvi__IMG_0362.JPG,data/staging/1E0B3iWSIemDEhCFP_3hrx91BAcSdbnvi__IMG_0362.JPG,707336,2026-01-16T23:53:15.620199
1EEt-l9y28x0KckzEdCWIkRtxJ3kVEL9r,IMG_0061.JPG,1EEt-l9y28x0KckzEdCWIkRtxJ3kVEL9r__IMG_0061.JPG,data/staging/1EEt-l9y28x0KckzEdCWIkRtxJ3kVEL9r__IMG_0061.JPG,1082817,2026-01-17T00:09:47.666412
1EO3CaWwmu1CSO46ulb1bfgZdlWvRwWsk,IMG_0361.JPG,1EO3CaWwmu1CSO46ulb1bfgZdlWvRwWsk__IMG_0361.JPG,data/staging/1EO3CaWwmu1CSO46ulb1bfgZdlWvRwWsk__IMG_0361.JPG,508545,2026-01-16T23:53:16.450636
1EWMtUaN5S5gyNTTDuXfhrlVbKkw3dZ-b,IMG_0355.JPG,1EWMtUaN5S5gyNTTDuXfhrlVbKkw3dZ-b__IMG_0355.JPG,data/staging/1EWMtUaN5S5gyNTTDuXfhrlVbKkw3dZ-b__IMG_0355.JPG,534408,2026-01-16T23:53:22.825199
1Eu8fAu66kq0nBNmSIYuz3yQzs6ZWWseM,IMG_0167.JPG,1Eu8fAu66kq0nBNmSIYuz3yQzs6ZWWseM__IMG_0167.JPG,data/staging/1Eu8fAu66kq0nBNmSIYuz3yQzs6ZWWseM__IMG_0167.JPG,701673,2026-01-16T23:56:46.906286
1EwwokOmKbQmL2uOU5_wcy76TPuMnBu3j,IMG_0064.JPG,1EwwokOmKbQmL2uOU5_wcy76TPuMnBu3j__IMG_0064.JPG,data/staging/1EwwokOmKbQmL2uOU5_wcy76TPuMnBu3j__IMG_0064.JPG,675047,2026-01-17T00:09:43.759658
1FPWH6zOfhYVYxnJOTpjYQdOQ51CCrcBm,IMG_0125.JPG,1FPWH6zOfhYVYxnJOTpjYQdOQ51CCrcBm__IMG_0125.JPG,data/staging/1FPWH6zOfhYVYxnJOTpjYQdOQ51CCrcBm__IMG_0125.JPG,2386719,2026-01-16T23:57:37.298490
1FtiOcHPLjYFn9dM1-KYF0q4v9YhDvXHK,IMG_0323.JPG,1FtiOcHPLjYFn9dM1-KYF0q4v9YhDvXHK__IMG_0323.JPG,data/staging/1FtiOcHPLjYFn9dM1-KYF0q4v9YhDvXHK__IMG_0323.JPG,1656697,2026-01-16T23:53:59.366193
1G0SxaAY6piD0uYre_Rg5Pz68qsCCMZP4,IMG_0001.JPG,1G0SxaAY6piD0uYre_Rg5Pz68qsCCMZP4__IMG_0001.JPG,data/staging/1G0SxaAY6piD0uYre_Rg5Pz68qsCCMZP4__IMG_0001.JPG,1993575,2026-01-17T00:11:07.427543
1G34lN-zW25NsjTbSy7GTLftqEFu5vdND,IMG_0289.JPG,1G34lN-zW25NsjTbSy7GTLftqEFu5vdND__IMG_0289.JPG,data/staging/1G34lN-zW25NsjTbSy7GTLftqEFu5vdND__IMG_0289.JPG,433386,2026-01-16T23:54:42.916207
1GJJNkSvAB-2fnXbbcqvV3cfQ13DNa-Mx,IMG_0095.JPG,1GJJNkSvAB-2fnXbbcqvV3cfQ13DNa-Mx__IMG_0095.JPG,data/staging/1GJJNkSvAB-2fnXbbcqvV3cfQ13DNa-Mx__IMG_0095.JPG,329791,2026-01-16T23:58:16.261752
1GK9HRMzRhEgYSF6F28GuAtOZ2sCROJXi,IMG_0266.JPG,1GK9HRMzRhEgYSF6F28GuAtOZ2sCROJXi__IMG_0266.JPG,data/staging/1GK9HRMzRhEgYSF6F28GuAtOZ2sCROJXi__IMG_0266.JPG,1910485,2026-01-16T23:55:04.830052
1GQ35qtKNrGiAr3ZZpnZvKSwZ54XfjoHP,IMG_0010.JPG,1GQ35qtKNrGiAr3ZZpnZvKSwZ54XfjoHP__IMG_0010.JPG,data/staging/1GQ35qtKNrGiAr3ZZpnZvKSwZ54XfjoHP__IMG_0010.JPG,2663850,2026-01-17T00:10:55.182555
1Gqo-sxTpcxG_m0zQWsRLfoUi_qgPAOlK,IMG_0072.JPG,1Gqo-sxTpcxG_m0zQWsRLfoUi_qgPAOlK__IMG_0072.JPG,data/staging/1Gqo-sxTpcxG_m0zQWsRLfoUi_qgPAOlK__IMG_0072.JPG,701463,2026-01-16T23:58:39.132115
1GwBMTvdQMQlu5bFOjL5n-6PNQFEariDA,IMG_0250.JPG,1GwBMTvdQMQlu5bFOjL5n-6PNQFEariDA__IMG_0250.JPG,data/staging/1GwBMTvdQMQlu5bFOjL5n-6PNQFEariDA__IMG_0250.JPG,797598,2026-01-16T23:55:26.041642
1HGR18EQbclCy0RB_jo9ON94xWLN6iEjx,IMG_0160.JPG,1HGR18EQbclCy0RB_jo9ON94xWLN6iEjx__IMG_0160.JPG,data/staging/1HGR18EQbclCy0RB_jo9ON94xWLN6iEjx__IMG_0160.JPG,510840,2026-01-16T23:56:52.675910
1HPetrY5jGgcGIg8Cs0ADZAIpvJ01fi7d,IMG_0147.JPG,1HPetrY5jGgcGIg8Cs0ADZAIpvJ01fi7d__IMG_0147.JPG,data/staging/1HPetrY5jGgcGIg8Cs0ADZAIpvJ01fi7d__IMG_0147.JPG,698064,2026-01-16T23:57:07.891463
1HSO9cvQFRVeGzwXEt2bSF_17Ar9Gq0z7,IMG_0353.JPG,1HSO9cvQFRVeGzwXEt2bSF_17Ar9Gq0z7__IMG_0353.JPG,data/staging/1HSO9cvQFRVeGzwXEt2bSF_17Ar9Gq0z7__IMG_0353.JPG,1011756,2026-01-16T23:53:24.803618
1HhT5OWdYLwmaHrLeC5XFjLY1rjJ56c2c,IMG_0106.JPG,1HhT5OWdYLwmaHrLeC5XFjLY1rjJ56c2c__IMG_0106.JPG,data/staging/1HhT5OWdYLwmaHrLeC5XFjLY1rjJ56c2c__IMG_0106.JPG,712220,2026-01-16T23:58:04.637604
1Hl9AJbQ4sT7-q6hyYGbjswei2iiY2Knr,IMG_0218.JPG,1Hl9AJbQ4sT7-q6hyYGbjswei2iiY2Knr__IMG_0218.JPG,data/staging/1Hl9AJbQ4sT7-q6hyYGbjswei2iiY2Knr__IMG_0218.JPG,704354,2026-01-16T23:56:00.832030
1HmZ7kKsY7q7Cr6flYngqeruP2sYMch9w,IMG_0012.JPG,1HmZ7kKsY7q7Cr6flYngqeruP2sYMch9w__IMG_0012.JPG,data/staging/1HmZ7kKsY7q7Cr6flYngqeruP2sYMch9w__IMG_0012.JPG,2660750,2026-01-17T00:10:52.122444
1HohWRvgYVLHLzPkPTV4-GD0LN4JrMtR8,IMG_0040.JPG,1HohWRvgYVLHLzPkPTV4-GD0LN4JrMtR8__IMG_0040.JPG,data/staging/1HohWRvgYVLHLzPkPTV4-GD0LN4JrMtR8__IMG_0040.JPG,2698238,2026-01-17T00:10:10.856098
1IGOaOJ7Yj4_-skwII0rI9O0xHtWmzqHU,IMG_0354.JPG,1IGOaOJ7Yj4_-skwII0rI9O0xHtWmzqHU__IMG_0354.JPG,data/staging/1IGOaOJ7Yj4_-skwII0rI9O0xHtWmzqHU__IMG_0354.JPG,1071624,2026-01-16T23:53:23.959988
1IV3_UAVGpvml8DLKxnI9bGo9T-Pq8j-g,IMG_0244.JPG,1IV3_UAVGpvml8DLKxnI9bGo9T-Pq8j-g__IMG_0244.JPG,data/staging/1IV3_UAVGpvml8DLKxnI9bGo9T-Pq8j-g__IMG_0244.JPG,343913,2026-01-16T23:55:31.365988
1Ig1TD7fhmIKfPZg0NfR8yguvW-DQtsRA,IMG_0226.JPG,1Ig1TD7fhmIKfPZg0NfR8yguvW-DQtsRA__IMG_0226.JPG,data/staging/1Ig1TD7fhmIKfPZg0NfR8yguvW-DQtsRA__IMG_0226.JPG,757043,2026-01-16T23:55:51.331475
1Ig2gNEQBbGDOwO_1Ro2bQ664Oo-BBgcf,IMG_0352.JPG,1Ig2gNEQBbGDOwO_1Ro2bQ664Oo-BBgcf__IMG_0352.JPG,data/staging/1Ig2gNEQBbGDOwO_1Ro2bQ664Oo-BBgcf__IMG_0352.JPG,1019436,2026-01-16T23:53:26.453113
1Ij5ZKEtU6kXyuy-sKfI2f6Fjru816WMX,IMG_0123.JPG,1Ij5ZKEtU6kXyuy-sKfI2f6Fjru816WMX__IMG_0123.JPG,data/staging/1Ij5ZKEtU6kXyuy-sKfI2f6Fjru816WMX__IMG_0123.JPG,2674918,2026-01-16T23:57:39.295601
1IzFS_1ryTynkr2f9HYyPeFhCGS-Jcy72,IMG_0328.JPG,1IzFS_1ryTynkr2f9HYyPeFhCGS-Jcy72__IMG_0328.JPG,data/staging/1IzFS_1ryTynkr2f9HYyPeFhCGS-Jcy72__IMG_0328.JPG,402630,2026-01-16T23:53:51.689279
1J9r3pQNtutyMH4T42FjuywZLbi-KtwKs,IMG_0286.JPG,1J9r3pQNtutyMH4T42FjuywZLbi-KtwKs__IMG_0286.JPG,data/staging/1J9r3pQNtutyMH4T42FjuywZLbi-KtwKs__IMG_0286.JPG,553006,2026-01-16T23:54:46.682119
1JNQ71jHo6vAgXuY4aiVGsOfDZBiwUolJ,IMG_0076.JPG,1JNQ71jHo6vAgXuY4aiVGsOfDZBiwUolJ__IMG_0076.JPG,data/staging/1JNQ71jHo6vAgXuY4aiVGsOfDZBiwUolJ__IMG_0076.JPG,705731,2026-01-16T23:58:35.551536
1JQpdvIpcYxMOLHe0REc77SyaE-l-XoBI,IMG_0144.JPG,1JQpdvIpcYxMOLHe0REc77SyaE-l-XoBI__IMG_0144.JPG,data/staging/1JQpdvIpcYxMOLHe0REc77SyaE-l-XoBI__IMG_0144.JPG,2764804,2026-01-16T23:57:14.989426
1JcaGieUekkXQ5vNDq2PgROm8BqfbGRNf,IMG_0136.JPG,1JcaGieUekkXQ5vNDq2PgROm8BqfbGRNf__IMG_0136.JPG,data/staging/1JcaGieUekkXQ5vNDq2PgROm8BqfbGRNf__IMG_0136.JPG,695194,2026-01-16T23:57:25.812092
1Jr7mHeyyj0JsL7Ri554tjUdLkooj2jFU,IMG_0168.JPG,1Jr7mHeyyj0JsL7Ri554tjUdLkooj2jFU__IMG_0168.JPG,data/staging/1Jr7mHeyyj0JsL7Ri554tjUdLkooj2jFU__IMG_0168.JPG,703149,2026-01-16T23:56:45.871029
1JxjxHbeTf85GIjhGMPhoJuGzZNeaHKMs,IMG_0185.JPG,1JxjxHbeTf85GIjhGMPhoJuGzZNeaHKMs__IMG_0185.JPG,data/staging/1JxjxHbeTf85GIjhGMPhoJuGzZNeaHKMs__IMG_0185.JPG,601447,2026-01-16T23:56:30.215262
1K1dGgpAcvB9kz4lvYjcDlhzXAbUpIMtm,IMG_0268.JPG,1K1dGgpAcvB9kz4lvYjcDlhzXAbUpIMtm__IMG_0268.JPG,data/staging/1K1dGgpAcvB9kz4lvYjcDlhzXAbUpIMtm__IMG_0268.JPG,357987,2026-01-16T23:55:02.188381
1KE-Mz5_nLcazkuVpZYtwdD3h3M_uVWoD,IMG_0252.JPG,1KE-Mz5_nLcazkuVpZYtwdD3h3M_uVWoD__IMG_0252.JPG,data/staging/1KE-Mz5_nLcazkuVpZYtwdD3h3M_uVWoD__IMG_0252.JPG,795354,2026-01-16T23:55:23.177940
1KGa6cz-iu2sUnMjSM9m8mZE_DwYS_aOH,IMG_0348.JPG,1KGa6cz-iu2sUnMjSM9m8mZE_DwYS_aOH__IMG_0348.JPG,data/staging/1KGa6cz-iu2sUnMjSM9m8mZE_DwYS_aOH__IMG_0348.JPG,698038,2026-01-16T23:53:30.109050
1KHaqCU-qaSZsv08vgrP6CZhQmh5tRYCp,IMG_0269.JPG,1KHaqCU-qaSZsv08vgrP6CZhQmh5tRYCp__IMG_0269.JPG,data/staging/1KHaqCU-qaSZsv08vgrP6CZhQmh5tRYCp__IMG_0269.JPG,716738,2026-01-16T23:55:01.450212
1KIOlpgxaj_OWC7iGbmGkgA9lAZaCU9l1,IMG_0189.JPG,1KIOlpgxaj_OWC7iGbmGkgA9lAZaCU9l1__IMG_0189.JPG,data/staging/1KIOlpgxaj_OWC7iGbmGkgA9lAZaCU9l1__IMG_0189.JPG,1111801,2026-01-16T23:56:26.221254
1KMtQpGDJLPrVKfknSksPvAL43gX2lJOv,IMG_0300.JPG,1KMtQpGDJLPrVKfknSksPvAL43gX2lJOv__IMG_0300.JPG,data/staging/1KMtQpGDJLPrVKfknSksPvAL43gX2lJOv__IMG_0300.JPG,519740,2026-01-16T23:54:29.754739
1KtZE13NsOLvgbde6f38lxTkAWZyXuDTD,IMG_0161.JPG,1KtZE13NsOLvgbde6f38lxTkAWZyXuDTD__IMG_0161.JPG,data/staging/1KtZE13NsOLvgbde6f38lxTkAWZyXuDTD__IMG_0161.JPG,701924,2026-01-16T23:56:52.125793
1L4WpV3g6THEFOiO-5URgustxaueUt9vV,IMG_0337.JPG,1L4WpV3g6THEFOiO-5URgustxaueUt9vV__IMG_0337.JPG,data/staging/1L4WpV3g6THEFOiO-5URgustxaueUt9vV__IMG_0337.JPG,2071973,2026-01-16T23:53:43.599216
1LDHtpmF0P6DhEbr-ZCieaiM8QGyqToNB,IMG_0103.JPG,1LDHtpmF0P6DhEbr-ZCieaiM8QGyqToNB__IMG_0103.JPG,data/staging/1LDHtpmF0P6DhEbr-ZCieaiM8QGyqToNB__IMG_0103.JPG,355499,2026-01-16T23:58:07.750821
1LG0e8HBKLj5tI5iEHbrBTIrpLpV_zUYh,IMG_0128.JPG,1LG0e8HBKLj5tI5iEHbrBTIrpLpV_zUYh__IMG_0128.JPG,data/staging/1LG0e8HBKLj5tI5iEHbrBTIrpLpV_zUYh__IMG_0128.JPG,1186300,2026-01-16T23:57:34.449042
1LGn3k5kAKQiTZvSdnYSXiSAg9tK_UH8A,IMG_0302.JPG,1LGn3k5kAKQiTZvSdnYSXiSAg9tK_UH8A__IMG_0302.JPG,data/staging/1LGn3k5kAKQiTZvSdnYSXiSAg9tK_UH8A__IMG_0302.JPG,2545286,2026-01-16T23:54:25.606633
1LOBVgxGW4hD8mosaNVwO1MdXAYehr4ln,IMG_0301.JPG,1LOBVgxGW4hD8mosaNVwO1MdXAYehr4ln__IMG_0301.JPG,data/staging/1LOBVgxGW4hD8mosaNVwO1MdXAYehr4ln__IMG_0301.JPG,2491060,2026-01-16T23:54:28.862041
1LdCz2EZsD9WfYnONa1S5ux3AIUe0OgnC,IMG_0009.JPG,1LdCz2EZsD9WfYnONa1S5ux3AIUe0OgnC__IMG_0009.JPG,data/staging/1LdCz2EZsD9WfYnONa1S5ux3AIUe0OgnC__IMG_0009.JPG,597601,2026-01-17T00:10:55.990805
1LuXREgWb9LWnrzeOuKfDmdN--DYo1HQt,IMG_0077.JPG,1LuXREgWb9LWnrzeOuKfDmdN--DYo1HQt__IMG_0077.JPG,data/staging/1LuXREgWb9LWnrzeOuKfDmdN--DYo1HQt__IMG_0077.JPG,661012,2026-01-16T23:58:34.508814
1LxolrlOmpm6-Re1jP2IERuY4ATt_1OWG,IMG_0117.JPG,1LxolrlOmpm6-Re1jP2IERuY4ATt_1OWG__IMG_0117.JPG,data/staging/1LxolrlOmpm6-Re1jP2IERuY4ATt_1OWG__IMG_0117.JPG,636363,2026-01-16T23:57:46.594140
1MBwO-y52-I5pgVeP685iqSiQgVqbWfZp,IMG_0171.JPG,1MBwO-y52-I5pgVeP685iqSiQgVqbWfZp__IMG_0171.JPG,data/staging/1MBwO-y52-I5pgVeP685iqSiQgVqbWfZp__IMG_0171.JPG,1891711,2026-01-16T23:56:43.502614
1MFVkVOG7knLCM4jobUQLZzt3GQrBZokL,IMG_0036.JPG,1MFVkVOG7knLCM4jobUQLZzt3GQrBZokL__IMG_0036.JPG,data/staging/1MFVkVOG7knLCM4jobUQLZzt3GQrBZokL__IMG_0036.JPG,623862,2026-01-17T00:10:15.028332
1MTGOgCsWfSYK-j3kVx0WB_BxTnd0h8P5,IMG_0022.JPG,1MTGOgCsWfSYK-j3kVx0WB_BxTnd0h8P5__IMG_0022.JPG,data/staging/1MTGOgCsWfSYK-j3kVx0WB_BxTnd0h8P5__IMG_0022.JPG,1813831,2026-01-17T00:10:39.768343
1MZ-nNizWQK7wgATBD4b_ODmnVguM15pU,IMG_0157.JPG,1MZ-nNizWQK7wgATBD4b_ODmnVguM15pU__IMG_0157.JPG,data/staging/1MZ-nNizWQK7wgATBD4b_ODmnVguM15pU__IMG_0157.JPG,703675,2026-01-16T23:56:54.384667
1MhHheyC4JLCKOOJPx0H5bOPhVwADQsMY,IMG_0108.JPG,1MhHheyC4JLCKOOJPx0H5bOPhVwADQsMY__IMG_0108.JPG,data/staging/1MhHheyC4JLCKOOJPx0H5bOPhVwADQsMY__IMG_0108.JPG,659729,2026-01-16T23:58:01.620138
1N8v7fnTBdJ8q-EdgiqzXUG4lCzVi4v6A,IMG_0198.JPG,1N8v7fnTBdJ8q-EdgiqzXUG4lCzVi4v6A__IMG_0198.JPG,data/staging/1N8v7fnTBdJ8q-EdgiqzXUG4lCzVi4v6A__IMG_0198.JPG,689716,2026-01-16T23:56:18.109687
1NH8Turd8KArFm4rUPpG7Hcr1EFRWMJyz,IMG_0020.JPG,1NH8Turd8KArFm4rUPpG7Hcr1EFRWMJyz__IMG_0020.JPG,data/staging/1NH8Turd8KArFm4rUPpG7Hcr1EFRWMJyz__IMG_0020.JPG,753346,2026-01-17T00:10:41.920623
1NWe2Mzsy1UIFcflnvy7ta4fem487YELE,IMG_0086.JPG,1NWe2Mzsy1UIFcflnvy7ta4fem487YELE__IMG_0086.JPG,data/staging/1NWe2Mzsy1UIFcflnvy7ta4fem487YELE__IMG_0086.JPG,673320,2026-01-16T23:58:27.983653
1NZOo5ffk7-8pomv_FhrvVu-FneuKkhEE,IMG_0172.JPG,1NZOo5ffk7-8pomv_FhrvVu-FneuKkhEE__IMG_0172.JPG,data/staging/1NZOo5ffk7-8pomv_FhrvVu-FneuKkhEE__IMG_0172.JPG,1921348,2026-01-16T23:56:42.520618
1NnePHLjG6-f1RfKtgCSU3iTeXsSq7jCT,IMG_0120.JPG,1NnePHLjG6-f1RfKtgCSU3iTeXsSq7jCT__IMG_0120.JPG,data/staging/1NnePHLjG6-f1RfKtgCSU3iTeXsSq7jCT__IMG_0120.JPG,1145500,2026-01-16T23:57:42.209146
1NpQdjSbD-oEilVQKESw_jHA6zqaA2bW2,IMG_0334.JPG,1NpQdjSbD-oEilVQKESw_jHA6zqaA2bW2__IMG_0334.JPG,data/staging/1NpQdjSbD-oEilVQKESw_jHA6zqaA2bW2__IMG_0334.JPG,1567529,2026-01-16T23:53:45.790779
1O7Vqno_d1-yp5CElaqvlFzAmhjJc-7Ri,IMG_0126.JPG,1O7Vqno_d1-yp5CElaqvlFzAmhjJc-7Ri__IMG_0126.JPG,data/staging/1O7Vqno_d1-yp5CElaqvlFzAmhjJc-7Ri__IMG_0126.JPG,2381840,2026-01-16T23:57:36.483180
1OCJlvGxnaqiestSmhAi728S8Hl7WBksG,IMG_0210.JPG,1OCJlvGxnaqiestSmhAi728S8Hl7WBksG__IMG_0210.JPG,data/staging/1OCJlvGxnaqiestSmhAi728S8Hl7WBksG__IMG_0210.JPG,1870128,2026-01-16T23:56:06.814343
1OK5J_WHNjHoD7QswoUURvuIcvu0hhneQ,IMG_0143.JPG,1OK5J_WHNjHoD7QswoUURvuIcvu0hhneQ__IMG_0143.JPG,data/staging/1OK5J_WHNjHoD7QswoUURvuIcvu0hhneQ__IMG_0143.JPG,2795883,2026-01-16T23:57:16.739509
1OYNji,Jg-HVhQ4ntkILM_GJnkv8BhCt__IMG_0114.JPG,1OYNji__Jg-HVhQ4ntkILM_GJnkv8BhCt__IMG_0114.JPG,data/staging/1OYNji__Jg-HVhQ4ntkILM_GJnkv8BhCt__IMG_0114.JPG,693178,2026-01-16T23:57:50.060874
1OaA_GbQO8ne2BcLA2fhizaLUiM8tGBVn,IMG_0262.JPG,1OaA_GbQO8ne2BcLA2fhizaLUiM8tGBVn__IMG_0262.JPG,data/staging/1OaA_GbQO8ne2BcLA2fhizaLUiM8tGBVn__IMG_0262.JPG,2517881,2026-01-16T23:55:10.463079
1Oi3704JuocLFnjZtjmesGxdpksEH2Ltv,IMG_0088.JPG,1Oi3704JuocLFnjZtjmesGxdpksEH2Ltv__IMG_0088.JPG,data/staging/1Oi3704JuocLFnjZtjmesGxdpksEH2Ltv__IMG_0088.JPG,685402,2026-01-16T23:58:26.356642
1OpbK9zDp2byj3ki5XJOKULNSIo4IEI59,IMG_0341.JPG,1OpbK9zDp2byj3ki5XJOKULNSIo4IEI59__IMG_0341.JPG,data/staging/1OpbK9zDp2byj3ki5XJOKULNSIo4IEI59__IMG_0341.JPG,713544,2026-01-16T23:53:38.088363
1Owy6LqZBdVqBkSGoXQZ2YM75kttOKacZ,IMG_0080.JPG,1Owy6LqZBdVqBkSGoXQZ2YM75kttOKacZ__IMG_0080.JPG,data/staging/1Owy6LqZBdVqBkSGoXQZ2YM75kttOKacZ__IMG_0080.JPG,664077,2026-01-16T23:58:31.835033
1P-RgW1JOEpYygrdBLCixZdphnsMpuD7w,IMG_0149.JPG,1P-RgW1JOEpYygrdBLCixZdphnsMpuD7w__IMG_0149.JPG,data/staging/1P-RgW1JOEpYygrdBLCixZdphnsMpuD7w__IMG_0149.JPG,704696,2026-01-16T23:57:04.298335
1P1YsJeVzlS1G5nMSLsI64Io7vyk0l5BH,IMG_0306.JPG,1P1YsJeVzlS1G5nMSLsI64Io7vyk0l5BH__IMG_0306.JPG,data/staging/1P1YsJeVzlS1G5nMSLsI64Io7vyk0l5BH__IMG_0306.JPG,672658,2026-01-16T23:54:20.170708
1PA3ClLDmjo8BWuhXE90I7eHVLLwtPT9l,IMG_0059.JPG,1PA3ClLDmjo8BWuhXE90I7eHVLLwtPT9l__IMG_0059.JPG,data/staging/1PA3ClLDmjo8BWuhXE90I7eHVLLwtPT9l__IMG_0059.JPG,664097,2026-01-17T00:09:50.011125
1Ppm03j9sc0hgz8ckaAFaVk8VAGnYk-Hi,IMG_0254.JPG,1Ppm03j9sc0hgz8ckaAFaVk8VAGnYk-Hi__IMG_0254.JPG,data/staging/1Ppm03j9sc0hgz8ckaAFaVk8VAGnYk-Hi__IMG_0254.JPG,697662,2026-01-16T23:55:21.247113
1Pr0ghrG14ULtjufKZwQlQGnDKOoRBGvf,IMG_0039.JPG,1Pr0ghrG14ULtjufKZwQlQGnDKOoRBGvf__IMG_0039.JPG,data/staging/1Pr0ghrG14ULtjufKZwQlQGnDKOoRBGvf__IMG_0039.JPG,1121167,2026-01-17T00:10:11.886290
1Q-8XKlSki29-pqrErj5hZee1pgLjMvbV,IMG_0129.JPG,1Q-8XKlSki29-pqrErj5hZee1pgLjMvbV__IMG_0129.JPG,data/staging/1Q-8XKlSki29-pqrErj5hZee1pgLjMvbV__IMG_0129.JPG,1186820,2026-01-16T23:57:33.482645
1QGeD299R2JWEjk8HPm7P8paAfd-VoPLi,IMG_0047.JPG,1QGeD299R2JWEjk8HPm7P8paAfd-VoPLi__IMG_0047.JPG,data/staging/1QGeD299R2JWEjk8HPm7P8paAfd-VoPLi__IMG_0047.JPG,707141,2026-01-17T00:10:02.423942
1QJJ1RJcNlB5RiWSJH7buZt0o_av_P60G,IMG_0212.JPG,1QJJ1RJcNlB5RiWSJH7buZt0o_av_P60G__IMG_0212.JPG,data/staging/1QJJ1RJcNlB5RiWSJH7buZt0o_av_P60G__IMG_0212.JPG,691968,2026-01-16T23:56:05.265172
1Q_evs1e1xWr1z4ZsDpDqoydiVoHZoTPx,IMG_0224.JPG,1Q_evs1e1xWr1z4ZsDpDqoydiVoHZoTPx__IMG_0224.JPG,data/staging/1Q_evs1e1xWr1z4ZsDpDqoydiVoHZoTPx__IMG_0224.JPG,1024429,2026-01-16T23:55:55.167310
1QrFzEifxLs-Wt8eeWyr-tcEwtC7IhPhr,IMG_0183.JPG,1QrFzEifxLs-Wt8eeWyr-tcEwtC7IhPhr__IMG_0183.JPG,data/staging/1QrFzEifxLs-Wt8eeWyr-tcEwtC7IhPhr__IMG_0183.JPG,581917,2026-01-16T23:56:31.729980
1QvPLbxPTFuguyG6888036XSvsS7RKbc3,IMG_0078.JPG,1QvPLbxPTFuguyG6888036XSvsS7RKbc3__IMG_0078.JPG,data/staging/1QvPLbxPTFuguyG6888036XSvsS7RKbc3__IMG_0078.JPG,660325,2026-01-16T23:58:33.531665
1QxONStlPkLd35_WfkA8H7hoehse5JI65,IMG_0181.JPG,1QxONStlPkLd35_WfkA8H7hoehse5JI65__IMG_0181.JPG,data/staging/1QxONStlPkLd35_WfkA8H7hoehse5JI65__IMG_0181.JPG,759674,2026-01-16T23:56:33.195822
1Qydsh7fpSSf4mwHpUEwnGFj4fUexv7te,IMG_0011.JPG,1Qydsh7fpSSf4mwHpUEwnGFj4fUexv7te__IMG_0011.JPG,data/staging/1Qydsh7fpSSf4mwHpUEwnGFj4fUexv7te__IMG_0011.JPG,2661626,2026-01-17T00:10:53.523103
1R6kzONT0NAx3Oz1VK4o3WamfmgOSjGot,IMG_0130.JPG,1R6kzONT0NAx3Oz1VK4o3WamfmgOSjGot__IMG_0130.JPG,data/staging/1R6kzONT0NAx3Oz1VK4o3WamfmgOSjGot__IMG_0130.JPG,397358,2026-01-16T23:57:32.156178
1R9U89JxMmM0oOjO8ZlGBhGavHSpR6Ytp,IMG_0287.JPG,1R9U89JxMmM0oOjO8ZlGBhGavHSpR6Ytp__IMG_0287.JPG,data/staging/1R9U89JxMmM0oOjO8ZlGBhGavHSpR6Ytp__IMG_0287.JPG,711906,2026-01-16T23:54:45.577671
1RQEL6yQZPGf8jj_wCl52R6jL2XArRDNp,IMG_0038.JPG,1RQEL6yQZPGf8jj_wCl52R6jL2XArRDNp__IMG_0038.JPG,data/staging/1RQEL6yQZPGf8jj_wCl52R6jL2XArRDNp__IMG_0038.JPG,1119548,2026-01-17T00:10:13.089399
1RYaMuIzgzMp919lOxld7UJPWUb-pMkr2,IMG_0318.JPG,1RYaMuIzgzMp919lOxld7UJPWUb-pMkr2__IMG_0318.JPG,data/staging/1RYaMuIzgzMp919lOxld7UJPWUb-pMkr2__IMG_0318.JPG,1705618,2026-01-16T23:54:05.431292
1RZ7e8xDj20gf-ToOeaYxsh7vjyF1sU0G,IMG_0305.JPG,1RZ7e8xDj20gf-ToOeaYxsh7vjyF1sU0G__IMG_0305.JPG,data/staging/1RZ7e8xDj20gf-ToOeaYxsh7vjyF1sU0G__IMG_0305.JPG,678452,2026-01-16T23:54:21.154197
1RaxI_mkAYm7qEsCaCgfqv3zFd5BOsU5N,IMG_0261.JPG,1RaxI_mkAYm7qEsCaCgfqv3zFd5BOsU5N__IMG_0261.JPG,data/staging/1RaxI_mkAYm7qEsCaCgfqv3zFd5BOsU5N__IMG_0261.JPG,2454604,2026-01-16T23:55:11.613173
1RqGeksTQ7nkQdUYPWG_fN2-wSkWrgFOB,IMG_0299.JPG,1RqGeksTQ7nkQdUYPWG_fN2-wSkWrgFOB__IMG_0299.JPG,data/staging/1RqGeksTQ7nkQdUYPWG_fN2-wSkWrgFOB__IMG_0299.JPG,645643,2026-01-16T23:54:31.634401
1RrzILwdINQnVUx56Z-KWho4npvje-Le7,IMG_0223.JPG,1RrzILwdINQnVUx56Z-KWho4npvje-Le7__IMG_0223.JPG,data/staging/1RrzILwdINQnVUx56Z-KWho4npvje-Le7__IMG_0223.JPG,943186,2026-01-16T23:55:56.363222
1SB5ALThLRsvl7v1Xlrlgbg_UJDKnEpwL,IMG_0363.JPG,1SB5ALThLRsvl7v1Xlrlgbg_UJDKnEpwL__IMG_0363.JPG,data/staging/1SB5ALThLRsvl7v1Xlrlgbg_UJDKnEpwL__IMG_0363.JPG,701410,2026-01-16T23:53:14.380214
1SJ5ZICEonv35FC26dpRIsXzGIcNykW_D,IMG_0121.JPG,1SJ5ZICEonv35FC26dpRIsXzGIcNykW_D__IMG_0121.JPG,data/staging/1SJ5ZICEonv35FC26dpRIsXzGIcNykW_D__IMG_0121.JPG,2654795,2026-01-16T23:57:41.393831
1SLCy1QShwa2LIvNOd6f3B_kz55W4QMSx,IMG_0316.JPG,1SLCy1QShwa2LIvNOd6f3B_kz55W4QMSx__IMG_0316.JPG,data/staging/1SLCy1QShwa2LIvNOd6f3B_kz55W4QMSx__IMG_0316.JPG,1693300,2026-01-16T23:54:07.692029
1SN3eUVLpqbvOBf3WGrJYbEsfzYbwcwNS,IMG_0274.JPG,1SN3eUVLpqbvOBf3WGrJYbEsfzYbwcwNS__IMG_0274.JPG,data/staging/1SN3eUVLpqbvOBf3WGrJYbEsfzYbwcwNS__IMG_0274.JPG,792944,2026-01-16T23:54:55.816341
1SYcj2-nzMfbScpjUKDijMyuFhAF4CDlp,IMG_0131.JPG,1SYcj2-nzMfbScpjUKDijMyuFhAF4CDlp__IMG_0131.JPG,data/staging/1SYcj2-nzMfbScpjUKDijMyuFhAF4CDlp__IMG_0131.JPG,695811,2026-01-16T23:57:31.300826
1SZ5iGDJPLW3yQuhkA8R0Xz222pIyTdhT,IMG_0006.JPG,1SZ5iGDJPLW3yQuhkA8R0Xz222pIyTdhT__IMG_0006.JPG,data/staging/1SZ5iGDJPLW3yQuhkA8R0Xz222pIyTdhT__IMG_0006.JPG,2208306,2026-01-17T00:11:00.022989
1S_ujicsjCYN68_S2tiitQM83gpzu4TGV,IMG_0317.JPG,1S_ujicsjCYN68_S2tiitQM83gpzu4TGV__IMG_0317.JPG,data/staging/1S_ujicsjCYN68_S2tiitQM83gpzu4TGV__IMG_0317.JPG,1707849,2026-01-16T23:54:06.575327
1SgxcLxT9zJNHmRYv9xhK5rU7rlIA7hFS,IMG_0044.JPG,1SgxcLxT9zJNHmRYv9xhK5rU7rlIA7hFS__IMG_0044.JPG,data/staging/1SgxcLxT9zJNHmRYv9xhK5rU7rlIA7hFS__IMG_0044.JPG,2730031,2026-01-17T00:10:05.125938
1SiKoYQ78gI6sV6xHqMjsFg2v00sq01O8,IMG_0201.JPG,1SiKoYQ78gI6sV6xHqMjsFg2v00sq01O8__IMG_0201.JPG,data/staging/1SiKoYQ78gI6sV6xHqMjsFg2v00sq01O8__IMG_0201.JPG,2516799,2026-01-16T23:56:15.101660
1SznT38d_YfFLnOhp0_0JTVZem8bqiNQ4,IMG_0319.JPG,1SznT38d_YfFLnOhp0_0JTVZem8bqiNQ4__IMG_0319.JPG,data/staging/1SznT38d_YfFLnOhp0_0JTVZem8bqiNQ4__IMG_0319.JPG,717534,2026-01-16T23:54:04.030298
1T8gePWZDYmuCOhNQkm0XSxsm364m7inX,IMG_0065.JPG,1T8gePWZDYmuCOhNQkm0XSxsm364m7inX__IMG_0065.JPG,data/staging/1T8gePWZDYmuCOhNQkm0XSxsm364m7inX__IMG_0065.JPG,633526,2026-01-17T00:09:41.944862
1TWIBp_y84x1MxYjX-9z1WFGwfvCAwsUb,IMG_0206.JPG,1TWIBp_y84x1MxYjX-9z1WFGwfvCAwsUb__IMG_0206.JPG,data/staging/1TWIBp_y84x1MxYjX-9z1WFGwfvCAwsUb__IMG_0206.JPG,2535259,2026-01-16T23:56:10.255384
1TfBrDFQo-I50KIkBbV9RleyKctpEzGF7,IMG_0364.JPG,1TfBrDFQo-I50KIkBbV9RleyKctpEzGF7__IMG_0364.JPG,data/staging/1TfBrDFQo-I50KIkBbV9RleyKctpEzGF7__IMG_0364.JPG,2360026,2026-01-16T23:53:13.407168
1Tt3t5a_hs7yRWnOXEyMLxI40thtfu_UL,IMG_0309.JPG,1Tt3t5a_hs7yRWnOXEyMLxI40thtfu_UL__IMG_0309.JPG,data/staging/1Tt3t5a_hs7yRWnOXEyMLxI40thtfu_UL__IMG_0309.JPG,2514762,2026-01-16T23:54:16.229862
1Tucafq6betqa2akX3UhTv5kdSroi-D_C,IMG_0338.JPG,1Tucafq6betqa2akX3UhTv5kdSroi-D_C__IMG_0338.JPG,data/staging/1Tucafq6betqa2akX3UhTv5kdSroi-D_C__IMG_0338.JPG,2169469,2026-01-16T23:53:41.781247
1U3yvHWpPHzwSFdMmqL5Tz_db_qQVMPmS,IMG_0137.JPG,1U3yvHWpPHzwSFdMmqL5Tz_db_qQVMPmS__IMG_0137.JPG,data/staging/1U3yvHWpPHzwSFdMmqL5Tz_db_qQVMPmS__IMG_0137.JPG,695803,2026-01-16T23:57:25.016863
1U8UkmwILy0Jcc_06s-MQdKBXIqaoUo14,IMG_0344.JPG,1U8UkmwILy0Jcc_06s-MQdKBXIqaoUo14__IMG_0344.JPG,data/staging/1U8UkmwILy0Jcc_06s-MQdKBXIqaoUo14__IMG_0344.JPG,701146,2026-01-16T23:53:34.376661
1UDZirFHxKcqlP5PZM3gdp-YiWyhYn2Yg,IMG_0296.JPG,1UDZirFHxKcqlP5PZM3gdp-YiWyhYn2Yg__IMG_0296.JPG,data/staging/1UDZirFHxKcqlP5PZM3gdp-YiWyhYn2Yg__IMG_0296.JPG,419650,2026-01-16T23:54:34.659250
1UKAFdSeyxWS2gfGiisfnibvaGpI_BDgM,IMG_0297.JPG,1UKAFdSeyxWS2gfGiisfnibvaGpI_BDgM__IMG_0297.JPG,data/staging/1UKAFdSeyxWS2gfGiisfnibvaGpI_BDgM__IMG_0297.JPG,1199535,2026-01-16T23:54:33.614744
1Ugp6NBNuozE5EpsRP3-UuqBLDJv594XW,IMG_0358.JPG,1Ugp6NBNuozE5EpsRP3-UuqBLDJv594XW__IMG_0358.JPG,data/staging/1Ugp6NBNuozE5EpsRP3-UuqBLDJv594XW__IMG_0358.JPG,714584,2026-01-16T23:53:19.612664
1UhYLrNY3P4AaXuFOCMSw5U5KnTd2d6b3,IMG_0199.JPG,1UhYLrNY3P4AaXuFOCMSw5U5KnTd2d6b3__IMG_0199.JPG,data/staging/1UhYLrNY3P4AaXuFOCMSw5U5KnTd2d6b3__IMG_0199.JPG,2424030,2026-01-16T23:56:17.302991
1Ulq7vS15OFmNBXkotkBa9yngBHkOb_dq,IMG_0195.JPG,1Ulq7vS15OFmNBXkotkBa9yngBHkOb_dq__IMG_0195.JPG,data/staging/1Ulq7vS15OFmNBXkotkBa9yngBHkOb_dq__IMG_0195.JPG,694852,2026-01-16T23:56:20.341234
1UnmuFyx10J257amgeANQJDMp1Ls47fSC,IMG_0342.JPG,1UnmuFyx10J257amgeANQJDMp1Ls47fSC__IMG_0342.JPG,data/staging/1UnmuFyx10J257amgeANQJDMp1Ls47fSC__IMG_0342.JPG,565782,2026-01-16T23:53:36.547301
1UudJEZ3etPlGSJGLaDfjj9DLVpzbmFJa,IMG_0235.JPG,1UudJEZ3etPlGSJGLaDfjj9DLVpzbmFJa__IMG_0235.JPG,data/staging/1UudJEZ3etPlGSJGLaDfjj9DLVpzbmFJa__IMG_0235.JPG,2532932,2026-01-16T23:55:39.742006
1UxbKKtSAFagM41hlCty2jN8CXQl6squc,IMG_0135.JPG,1UxbKKtSAFagM41hlCty2jN8CXQl6squc__IMG_0135.JPG,data/staging/1UxbKKtSAFagM41hlCty2jN8CXQl6squc__IMG_0135.JPG,697974,2026-01-16T23:57:27.811542
1V8ECtUTa5dm_I0ea8I-Ove3s8gHC2ASQ,IMG_0032.JPG,1V8ECtUTa5dm_I0ea8I-Ove3s8gHC2ASQ__IMG_0032.JPG,data/staging/1V8ECtUTa5dm_I0ea8I-Ove3s8gHC2ASQ__IMG_0032.JPG,2569816,2026-01-17T00:10:22.050510
1V8HoikRnOO2fJvzSnuh9iFg0RQFoi41P,IMG_0232.JPG,1V8HoikRnOO2fJvzSnuh9iFg0RQFoi41P__IMG_0232.JPG,data/staging/1V8HoikRnOO2fJvzSnuh9iFg0RQFoi41P__IMG_0232.JPG,1128818,2026-01-16T23:55:41.956917
1VEhovJ5mQnG-LvtxlXQO9il7BCbu6IUY,IMG_0083.JPG,1VEhovJ5mQnG-LvtxlXQO9il7BCbu6IUY__IMG_0083.JPG,data/staging/1VEhovJ5mQnG-LvtxlXQO9il7BCbu6IUY__IMG_0083.JPG,672387,2026-01-16T23:58:29.712075
1VNgnEziJZ5L5l60M8ox54iPILJ1iWbga,IMG_0176.JPG,1VNgnEziJZ5L5l60M8ox54iPILJ1iWbga__IMG_0176.JPG,data/staging/1VNgnEziJZ5L5l60M8ox54iPILJ1iWbga__IMG_0176.JPG,957001,2026-01-16T23:56:37.891392
1VXfftHvk0cjWRlbgxI4GvUG_Aty8W7T2,IMG_0097.JPG,1VXfftHvk0cjWRlbgxI4GvUG_Aty8W7T2__IMG_0097.JPG,data/staging/1VXfftHvk0cjWRlbgxI4GvUG_Aty8W7T2__IMG_0097.JPG,2129916,2026-01-16T23:58:12.926558
1Vc7eTiXDqKuhm8OxHdKPjzmtn4X5NHt7,IMG_0151.JPG,1Vc7eTiXDqKuhm8OxHdKPjzmtn4X5NHt7__IMG_0151.JPG,data/staging/1Vc7eTiXDqKuhm8OxHdKPjzmtn4X5NHt7__IMG_0151.JPG,699461,2026-01-16T23:57:01.239417
1VdfsZ9DfdZqdZp86Ms2aJjpH6P1tVgNm,IMG_0182.JPG,1VdfsZ9DfdZqdZp86Ms2aJjpH6P1tVgNm__IMG_0182.JPG,data/staging/1VdfsZ9DfdZqdZp86Ms2aJjpH6P1tVgNm__IMG_0182.JPG,524971,2026-01-16T23:56:32.352973
1ViVPK8p4npyFUV5VIIGH3_OJy3-zpPQv,IMG_0188.JPG,1ViVPK8p4npyFUV5VIIGH3_OJy3-zpPQv__IMG_0188.JPG,data/staging/1ViVPK8p4npyFUV5VIIGH3_OJy3-zpPQv__IMG_0188.JPG,1112670,2026-01-16T23:56:27.159158
1VkH6SJwplFzIMKw7hKYlt-zZgojEhWEY,IMG_0192.JPG,1VkH6SJwplFzIMKw7hKYlt-zZgojEhWEY__IMG_0192.JPG,data/staging/1VkH6SJwplFzIMKw7hKYlt-zZgojEhWEY__IMG_0192.JPG,694272,2026-01-16T23:56:23.617568
1VxiWxh2PdQNDbjKx85OJEiVaL2yh8Efr,IMG_0193.JPG,1VxiWxh2PdQNDbjKx85OJEiVaL2yh8Efr__IMG_0193.JPG,data/staging/1VxiWxh2PdQNDbjKx85OJEiVaL2yh8Efr__IMG_0193.JPG,756247,2026-01-16T23:56:22.715553
1WCFjSzFfDKf2tihvOTR4QuQCnKa7dZU4,IMG_0256.JPG,1WCFjSzFfDKf2tihvOTR4QuQCnKa7dZU4__IMG_0256.JPG,data/staging/1WCFjSzFfDKf2tihvOTR4QuQCnKa7dZU4__IMG_0256.JPG,2674239,2026-01-16T23:55:18.449927
1WMl6u0Acb1xw95TCJUPBdRFpBJBHLPro,IMG_0060.JPG,1WMl6u0Acb1xw95TCJUPBdRFpBJBHLPro__IMG_0060.JPG,data/staging/1WMl6u0Acb1xw95TCJUPBdRFpBJBHLPro__IMG_0060.JPG,664472,2026-01-17T00:09:48.921003
1WPz1eKYHb3a1LKrCX_elq1j02dZoKz3o,IMG_0159.JPG,1WPz1eKYHb3a1LKrCX_elq1j02dZoKz3o__IMG_0159.JPG,data/staging/1WPz1eKYHb3a1LKrCX_elq1j02dZoKz3o__IMG_0159.JPG,721023,2026-01-16T23:56:53.314909
1WcQAypkNFYPnYzWEeYliHD8Gxs9iIjxY,IMG_0228.JPG,1WcQAypkNFYPnYzWEeYliHD8Gxs9iIjxY__IMG_0228.JPG,data/staging/1WcQAypkNFYPnYzWEeYliHD8Gxs9iIjxY__IMG_0228.JPG,691155,2026-01-16T23:55:48.779175
1WoQAaoatZztI8ergS4C9BXZRVWcx_Soi,IMG_0336.JPG,1WoQAaoatZztI8ergS4C9BXZRVWcx_Soi__IMG_0336.JPG,data/staging/1WoQAaoatZztI8ergS4C9BXZRVWcx_Soi__IMG_0336.JPG,1435934,2026-01-16T23:53:44.380531
1Wu9pA6GK-lnbcdxqczMNw1Rqqozb2DGI,IMG_0090.JPG,1Wu9pA6GK-lnbcdxqczMNw1Rqqozb2DGI__IMG_0090.JPG,data/staging/1Wu9pA6GK-lnbcdxqczMNw1Rqqozb2DGI__IMG_0090.JPG,675040,2026-01-16T23:58:23.735368
1XBjmt0abfBTiwKTayAVEziPvbcDmHmIJ,IMG_0025.JPG,1XBjmt0abfBTiwKTayAVEziPvbcDmHmIJ__IMG_0025.JPG,data/staging/1XBjmt0abfBTiwKTayAVEziPvbcDmHmIJ__IMG_0025.JPG,572650,2026-01-17T00:10:32.842162
1XK9kTRvZP36HJoWVlJbiSUVrGZbtwicA,IMG_0186.JPG,1XK9kTRvZP36HJoWVlJbiSUVrGZbtwicA__IMG_0186.JPG,data/staging/1XK9kTRvZP36HJoWVlJbiSUVrGZbtwicA__IMG_0186.JPG,721648,2026-01-16T23:56:29.091964
1XaXoOIJXRwPeSWz1bMjIsDpreWTbv2PH,IMG_0191.JPG,1XaXoOIJXRwPeSWz1bMjIsDpreWTbv2PH__IMG_0191.JPG,data/staging/1XaXoOIJXRwPeSWz1bMjIsDpreWTbv2PH__IMG_0191.JPG,691558,2026-01-16T23:56:24.484367
1XyAOjP0uhrn7BSoLTyR6LL3u5NGcBaLS,IMG_0053.JPG,1XyAOjP0uhrn7BSoLTyR6LL3u5NGcBaLS__IMG_0053.JPG,data/staging/1XyAOjP0uhrn7BSoLTyR6LL3u5NGcBaLS__IMG_0053.JPG,704399,2026-01-17T00:09:54.274738
1YNys7CAOcdepkdNHMoxsnddYWKi6c1Jw,IMG_0260.JPG,1YNys7CAOcdepkdNHMoxsnddYWKi6c1Jw__IMG_0260.JPG,data/staging/1YNys7CAOcdepkdNHMoxsnddYWKi6c1Jw__IMG_0260.JPG,2452289,2026-01-16T23:55:13.272326
1YkZeNi0JbSrtjUbt18pOjn2WMrFAT9Ic,IMG_0099.JPG,1YkZeNi0JbSrtjUbt18pOjn2WMrFAT9Ic__IMG_0099.JPG,data/staging/1YkZeNi0JbSrtjUbt18pOjn2WMrFAT9Ic__IMG_0099.JPG,2288976,2026-01-16T23:58:10.841075
1Yy4Z0mdfJZQ380JAz3Uf8i2L3IU3RtcO,IMG_0145.JPG,1Yy4Z0mdfJZQ380JAz3Uf8i2L3IU3RtcO__IMG_0145.JPG,data/staging/1Yy4Z0mdfJZQ380JAz3Uf8i2L3IU3RtcO__IMG_0145.JPG,703421,2026-01-16T23:57:10.078938
1YyBGeHu2nZy-093CS6BkrJQ-1NnRqAkc,IMG_0196.JPG,1YyBGeHu2nZy-093CS6BkrJQ-1NnRqAkc__IMG_0196.JPG,data/staging/1YyBGeHu2nZy-093CS6BkrJQ-1NnRqAkc__IMG_0196.JPG,757841,2026-01-16T23:56:19.539169
1Z4R-JkdiaS9mbLMg_JnMeSsldTvlAsT,_IMG_0016.JPG,1Z4R-JkdiaS9mbLMg_JnMeSsldTvlAsT___IMG_0016.JPG,data/staging/1Z4R-JkdiaS9mbLMg_JnMeSsldTvlAsT___IMG_0016.JPG,1907866,2026-01-17T00:10:47.092387
1ZFSxLLRAqe2KkAlGIN-GtE97OeI-fZfq,IMG_0082.JPG,1ZFSxLLRAqe2KkAlGIN-GtE97OeI-fZfq__IMG_0082.JPG,data/staging/1ZFSxLLRAqe2KkAlGIN-GtE97OeI-fZfq__IMG_0082.JPG,693049,2026-01-16T23:58:30.336851
1ZHPMYMuuIL9hjrgUSVXUCDlh4Q4Z3CnZ,IMG_0024.JPG,1ZHPMYMuuIL9hjrgUSVXUCDlh4Q4Z3CnZ__IMG_0024.JPG,data/staging/1ZHPMYMuuIL9hjrgUSVXUCDlh4Q4Z3CnZ__IMG_0024.JPG,2442821,2026-01-17T00:10:35.120852
1Zk_blWUmFsut58N_rtpXfQOwdPBUuZ11,IMG_0285.JPG,1Zk_blWUmFsut58N_rtpXfQOwdPBUuZ11__IMG_0285.JPG,data/staging/1Zk_blWUmFsut58N_rtpXfQOwdPBUuZ11__IMG_0285.JPG,711243,2026-01-16T23:54:47.731640
1_XMcy0BVQ0_Z7kx3kt2rUxsKS5PSQzZ6,IMG_0007.JPG,1_XMcy0BVQ0_Z7kx3kt2rUxsKS5PSQzZ6__IMG_0007.JPG,data/staging/1_XMcy0BVQ0_Z7kx3kt2rUxsKS5PSQzZ6__IMG_0007.JPG,2646272,2026-01-17T00:10:58.283128
1a79q8BS3xpuTOZIBRmwOXZZdzEMWihVt,IMG_0366.JPG,1a79q8BS3xpuTOZIBRmwOXZZdzEMWihVt__IMG_0366.JPG,data/staging/1a79q8BS3xpuTOZIBRmwOXZZdzEMWihVt__IMG_0366.JPG,2190523,2026-01-16T23:53:10.127694
1aAVw5hrcOkhjTg9fCOFgczAIioV65J61,IMG_0343.JPG,1aAVw5hrcOkhjTg9fCOFgczAIioV65J61__IMG_0343.JPG,data/staging/1aAVw5hrcOkhjTg9fCOFgczAIioV65J61__IMG_0343.JPG,410132,2026-01-16T23:53:35.139279
1aKCMu8PJfGsYA0mrB1OhZ4E5xc0s7j4g,IMG_0111.JPG,1aKCMu8PJfGsYA0mrB1OhZ4E5xc0s7j4g__IMG_0111.JPG,data/staging/1aKCMu8PJfGsYA0mrB1OhZ4E5xc0s7j4g__IMG_0111.JPG,692448,2026-01-16T23:57:56.382607
1aOAAYERFSuNrd49Bdjb3BaPVO1jwnbiP,IMG_0209.JPG,1aOAAYERFSuNrd49Bdjb3BaPVO1jwnbiP__IMG_0209.JPG,data/staging/1aOAAYERFSuNrd49Bdjb3BaPVO1jwnbiP__IMG_0209.JPG,1875574,2026-01-16T23:56:07.776314
1aPxpIdlEN2hcB3CFlaQMaFTk0_g7padq,IMG_0216.JPG,1aPxpIdlEN2hcB3CFlaQMaFTk0_g7padq__IMG_0216.JPG,data/staging/1aPxpIdlEN2hcB3CFlaQMaFTk0_g7padq__IMG_0216.JPG,691591,2026-01-16T23:56:02.052152
1aT3r3kxZ98TEo0iKl6SfBBaMlgsVeDFG,IMG_0164.JPG,1aT3r3kxZ98TEo0iKl6SfBBaMlgsVeDFG__IMG_0164.JPG,data/staging/1aT3r3kxZ98TEo0iKl6SfBBaMlgsVeDFG__IMG_0164.JPG,698948,2026-01-16T23:56:49.977800
1aaFuCFMDAQ-LJ1D8YqJuGhwz96sbrUIW,IMG_0037.JPG,1aaFuCFMDAQ-LJ1D8YqJuGhwz96sbrUIW__IMG_0037.JPG,data/staging/1aaFuCFMDAQ-LJ1D8YqJuGhwz96sbrUIW__IMG_0037.JPG,1137062,2026-01-17T00:10:14.340250
1akMM9Va6414UPsu9W1EjLeG2IcexnJAw,IMG_0231.JPG,1akMM9Va6414UPsu9W1EjLeG2IcexnJAw__IMG_0231.JPG,data/staging/1akMM9Va6414UPsu9W1EjLeG2IcexnJAw__IMG_0231.JPG,693167,2026-01-16T23:55:43.470831
1atWqICyp-eZJSA3ARechZqzTTDpFiURh,IMG_0202.JPG,1atWqICyp-eZJSA3ARechZqzTTDpFiURh__IMG_0202.JPG,data/staging/1atWqICyp-eZJSA3ARechZqzTTDpFiURh__IMG_0202.JPG,2532250,2026-01-16T23:56:14.153955
1axAl5PzfYLt3v79aa5xX93I2IiJOqZwH,IMG_0308.JPG,1axAl5PzfYLt3v79aa5xX93I2IiJOqZwH__IMG_0308.JPG,data/staging/1axAl5PzfYLt3v79aa5xX93I2IiJOqZwH__IMG_0308.JPG,2407229,2026-01-16T23:54:17.405809
1b0DUH_Y9gORurpmZmgzTos5qXaAgjVfu,IMG_0312.JPG,1b0DUH_Y9gORurpmZmgzTos5qXaAgjVfu__IMG_0312.JPG,data/staging/1b0DUH_Y9gORurpmZmgzTos5qXaAgjVfu__IMG_0312.JPG,482993,2026-01-16T23:54:12.514909
1bBJyUihbSJWxKgCKuHQxSyrqFC-8g8EZ,IMG_0087.JPG,1bBJyUihbSJWxKgCKuHQxSyrqFC-8g8EZ__IMG_0087.JPG,data/staging/1bBJyUihbSJWxKgCKuHQxSyrqFC-8g8EZ__IMG_0087.JPG,671950,2026-01-16T23:58:27.093402
1bCmTiQBwtraOooAwVRAixNIFLrYRGBYO,IMG_0068.JPG,1bCmTiQBwtraOooAwVRAixNIFLrYRGBYO__IMG_0068.JPG,data/staging/1bCmTiQBwtraOooAwVRAixNIFLrYRGBYO__IMG_0068.JPG,2378597,2026-01-16T23:58:44.297806
1bMUrNFtlHY1S5GQe2rYHTjTQySjsbTAZ,IMG_0074.JPG,1bMUrNFtlHY1S5GQe2rYHTjTQySjsbTAZ__IMG_0074.JPG,data/staging/1bMUrNFtlHY1S5GQe2rYHTjTQySjsbTAZ__IMG_0074.JPG,665501,2026-01-16T23:58:37.296996
1bTYhFY68S8lIBIlWGxSXoWVdHjGYXF_p,IMG_0242.JPG,1bTYhFY68S8lIBIlWGxSXoWVdHjGYXF_p__IMG_0242.JPG,data/staging/1bTYhFY68S8lIBIlWGxSXoWVdHjGYXF_p__IMG_0242.JPG,894102,2026-01-16T23:55:33.810322
1bWK--zai4_eEwAoTVNvPHYLwJC9txgxO,IMG_0197.JPG,1bWK--zai4_eEwAoTVNvPHYLwJC9txgxO__IMG_0197.JPG,data/staging/1bWK--zai4_eEwAoTVNvPHYLwJC9txgxO__IMG_0197.JPG,692891,2026-01-16T23:56:18.777136
1bWicYzME11tdwvDXPQDQU3yhE_0SI7kb,IMG_0246.JPG,1bWicYzME11tdwvDXPQDQU3yhE_0SI7kb__IMG_0246.JPG,data/staging/1bWicYzME11tdwvDXPQDQU3yhE_0SI7kb__IMG_0246.JPG,766055,2026-01-16T23:55:29.722399
1clyK0e9MgddZLq4hpHIhdP8f8etyKugh,IMG_0166.JPG,1clyK0e9MgddZLq4hpHIhdP8f8etyKugh__IMG_0166.JPG,data/staging/1clyK0e9MgddZLq4hpHIhdP8f8etyKugh__IMG_0166.JPG,619649,2026-01-16T23:56:48.149610
1cn3n34LBrdVQriO8raET7mJty22ie7AW,IMG_0359.JPG,1cn3n34LBrdVQriO8raET7mJty22ie7AW__IMG_0359.JPG,data/staging/1cn3n34LBrdVQriO8raET7mJty22ie7AW__IMG_0359.JPG,719997,2026-01-16T23:53:18.520661
1cpCcyRtx5aUsXvnGNeOG9EOvm1ygDnP-,IMG_0313.JPG,1cpCcyRtx5aUsXvnGNeOG9EOvm1ygDnP-__IMG_0313.JPG,data/staging/1cpCcyRtx5aUsXvnGNeOG9EOvm1ygDnP-__IMG_0313.JPG,718152,2026-01-16T23:54:11.719216
1cq4Qvw6o0GPVniWvzS6gZ9boEXmZ-CU3,IMG_0100.JPG,1cq4Qvw6o0GPVniWvzS6gZ9boEXmZ-CU3__IMG_0100.JPG,data/staging/1cq4Qvw6o0GPVniWvzS6gZ9boEXmZ-CU3__IMG_0100.JPG,715438,2026-01-16T23:58:09.871766
1cql63PQ4sPM1gPs60KrlY1me2szwkOxy,IMG_0062.JPG,1cql63PQ4sPM1gPs60KrlY1me2szwkOxy__IMG_0062.JPG,data/staging/1cql63PQ4sPM1gPs60KrlY1me2szwkOxy__IMG_0062.JPG,1075024,2026-01-17T00:09:45.672547
1cz0Kkai018AhZF2EZGv0ZyPA6zmPCLbp,IMG_0158.JPG,1cz0Kkai018AhZF2EZGv0ZyPA6zmPCLbp__IMG_0158.JPG,data/staging/1cz0Kkai018AhZF2EZGv0ZyPA6zmPCLbp__IMG_0158.JPG,702783,2026-01-16T23:56:53.788386
1dAsdaevrRs6zZvTcFgo0JDjAfOMHe9qr,IMG_0096.JPG,1dAsdaevrRs6zZvTcFgo0JDjAfOMHe9qr__IMG_0096.JPG,data/staging/1dAsdaevrRs6zZvTcFgo0JDjAfOMHe9qr__IMG_0096.JPG,732720,2026-01-16T23:58:15.108536
1dDGltZCj_rqRIK0LQ0Lp_-XHQXnL5laR,IMG_0214.JPG,1dDGltZCj_rqRIK0LQ0Lp_-XHQXnL5laR__IMG_0214.JPG,data/staging/1dDGltZCj_rqRIK0LQ0Lp_-XHQXnL5laR__IMG_0214.JPG,760448,2026-01-16T23:56:03.440989
1dKiISZttJU0IbofrpHWz1QKwmMtm2QAA,IMG_0017.JPG,1dKiISZttJU0IbofrpHWz1QKwmMtm2QAA__IMG_0017.JPG,data/staging/1dKiISZttJU0IbofrpHWz1QKwmMtm2QAA__IMG_0017.JPG,833905,2026-01-17T00:10:45.862518
1dUoD5DQ0UsllLuin2ZqczhBIyrrl867j,IMG_0170.JPG,1dUoD5DQ0UsllLuin2ZqczhBIyrrl867j__IMG_0170.JPG,data/staging/1dUoD5DQ0UsllLuin2ZqczhBIyrrl867j__IMG_0170.JPG,1891542,2026-01-16T23:56:44.400500
1dpJbX7uI0wCQasdY7S0eKpYY_2NpnzCu,IMG_0241.JPG,1dpJbX7uI0wCQasdY7S0eKpYY_2NpnzCu__IMG_0241.JPG,data/staging/1dpJbX7uI0wCQasdY7S0eKpYY_2NpnzCu__IMG_0241.JPG,930930,2026-01-16T23:55:34.727284
1e7A2khTIvd_eOz5O_rYAD_C_PrmrmdHv,IMG_0271.JPG,1e7A2khTIvd_eOz5O_rYAD_C_PrmrmdHv__IMG_0271.JPG,data/staging/1e7A2khTIvd_eOz5O_rYAD_C_PrmrmdHv__IMG_0271.JPG,796499,2026-01-16T23:54:58.690100
1eBLJpf-_C25WbuXvvoFmfEiFwuercnej,IMG_0220.JPG,1eBLJpf-_C25WbuXvvoFmfEiFwuercnej__IMG_0220.JPG,data/staging/1eBLJpf-_C25WbuXvvoFmfEiFwuercnej__IMG_0220.JPG,1131767,2026-01-16T23:55:59.437769
1eNnsUVi3WVUnAfOdqLpMwSym93HEc9FF,IMG_0079.JPG,1eNnsUVi3WVUnAfOdqLpMwSym93HEc9FF__IMG_0079.JPG,data/staging/1eNnsUVi3WVUnAfOdqLpMwSym93HEc9FF__IMG_0079.JPG,531734,2026-01-16T23:58:32.391369
1eQVJe77XXjlMKgVR_VNGybEqNXppWuvb,IMG_0351.JPG,1eQVJe77XXjlMKgVR_VNGybEqNXppWuvb__IMG_0351.JPG,data/staging/1eQVJe77XXjlMKgVR_VNGybEqNXppWuvb__IMG_0351.JPG,707302,2026-01-16T23:53:27.413939
1eRj15r-GnAioh1wstXgeluO9Ecaimplo,IMG_0046.JPG,1eRj15r-GnAioh1wstXgeluO9Ecaimplo__IMG_0046.JPG,data/staging/1eRj15r-GnAioh1wstXgeluO9Ecaimplo__IMG_0046.JPG,342156,2026-01-17T00:10:03.137146
1eVtkiLQR5ndvO93GXcX9uG8fkcVwbN6K,IMG_0310.JPG,1eVtkiLQR5ndvO93GXcX9uG8fkcVwbN6K__IMG_0310.JPG,data/staging/1eVtkiLQR5ndvO93GXcX9uG8fkcVwbN6K__IMG_0310.JPG,713521,2026-01-16T23:54:14.891438
1eeZuY2nZgwPuHxa7K5YLCwlQeNEeaD5s,IMG_0265.JPG,1eeZuY2nZgwPuHxa7K5YLCwlQeNEeaD5s__IMG_0265.JPG,data/staging/1eeZuY2nZgwPuHxa7K5YLCwlQeNEeaD5s__IMG_0265.JPG,1959570,2026-01-16T23:55:07.332577
1eke-g_Kzb4DDn7NjjdKAJtpVK2S3mZQG,IMG_0041.JPG,1eke-g_Kzb4DDn7NjjdKAJtpVK2S3mZQG__IMG_0041.JPG,data/staging/1eke-g_Kzb4DDn7NjjdKAJtpVK2S3mZQG__IMG_0041.JPG,2700916,2026-01-17T00:10:08.924316
1fEHHC3PdWs0PTMooVK02TF6skYLKrIcV,IMG_0333.JPG,1fEHHC3PdWs0PTMooVK02TF6skYLKrIcV__IMG_0333.JPG,data/staging/1fEHHC3PdWs0PTMooVK02TF6skYLKrIcV__IMG_0333.JPG,674448,2026-01-16T23:53:46.478616
1fte72ee6gSfOKV2Frtt849jlxnfIsVAE,IMG_0132.JPG,1fte72ee6gSfOKV2Frtt849jlxnfIsVAE__IMG_0132.JPG,data/staging/1fte72ee6gSfOKV2Frtt849jlxnfIsVAE__IMG_0132.JPG,696987,2026-01-16T23:57:30.281551
1fy54DuPwrJ4QAsm-IPQCzs3S9_yRWTGO,IMG_0332.JPG,1fy54DuPwrJ4QAsm-IPQCzs3S9_yRWTGO__IMG_0332.JPG,data/staging/1fy54DuPwrJ4QAsm-IPQCzs3S9_yRWTGO__IMG_0332.JPG,673482,2026-01-16T23:53:47.658418
1fyzWSMIHM0T32WMYg_FGmaOr1hbxIeLm,IMG_0281.JPG,1fyzWSMIHM0T32WMYg_FGmaOr1hbxIeLm__IMG_0281.JPG,data/staging/1fyzWSMIHM0T32WMYg_FGmaOr1hbxIeLm__IMG_0281.JPG,370179,2026-01-16T23:54:50.865264
1g6tLIyTmZ9XOpI_HEyym6lY2mlL1LYmY,IMG_0115.JPG,1g6tLIyTmZ9XOpI_HEyym6lY2mlL1LYmY__IMG_0115.JPG,data/staging/1g6tLIyTmZ9XOpI_HEyym6lY2mlL1LYmY__IMG_0115.JPG,764968,2026-01-16T23:57:48.737430
1gMhF0LMCcx40sn_X1dqAw6Cy8NvGQk5z,IMG_0043.JPG,1gMhF0LMCcx40sn_X1dqAw6Cy8NvGQk5z__IMG_0043.JPG,data/staging/1gMhF0LMCcx40sn_X1dqAw6Cy8NvGQk5z__IMG_0043.JPG,2731725,2026-01-17T00:10:06.152545
1gNXt0auDrGONbaFHKicdY7p1H9NcHT8P,IMG_0105.JPG,1gNXt0auDrGONbaFHKicdY7p1H9NcHT8P__IMG_0105.JPG,data/staging/1gNXt0auDrGONbaFHKicdY7p1H9NcHT8P__IMG_0105.JPG,676033,2026-01-16T23:58:05.949088
1gQYtKBZFwi2UM_Ys3INtDgnb0VDyvLZv,IMG_0277.JPG,1gQYtKBZFwi2UM_Ys3INtDgnb0VDyvLZv__IMG_0277.JPG,data/staging/1gQYtKBZFwi2UM_Ys3INtDgnb0VDyvLZv__IMG_0277.JPG,530980,2026-01-16T23:54:53.574512
1gRMWWKhkOlvQebyWvvEbpCiTCV263Hcx,IMG_0258.JPG,1gRMWWKhkOlvQebyWvvEbpCiTCV263Hcx__IMG_0258.JPG,data/staging/1gRMWWKhkOlvQebyWvvEbpCiTCV263Hcx__IMG_0258.JPG,2688681,2026-01-16T23:55:16.154706
1gYieMhqEsW8RwIydQEQuHEVm5VYZnst9,IMG_0221.JPG,1gYieMhqEsW8RwIydQEQuHEVm5VYZnst9__IMG_0221.JPG,data/staging/1gYieMhqEsW8RwIydQEQuHEVm5VYZnst9__IMG_0221.JPG,1134430,2026-01-16T23:55:58.767780
1gscohPystIfqhKmAHmz6kI1dEJ4Hpoyl,IMG_0283.JPG,1gscohPystIfqhKmAHmz6kI1dEJ4Hpoyl__IMG_0283.JPG,data/staging/1gscohPystIfqhKmAHmz6kI1dEJ4Hpoyl__IMG_0283.JPG,715058,2026-01-16T23:54:49.416227
1gyihHqjwtHE67RlmhgXoxoSGLUlx9K4W,IMG_0327.JPG,1gyihHqjwtHE67RlmhgXoxoSGLUlx9K4W__IMG_0327.JPG,data/staging/1gyihHqjwtHE67RlmhgXoxoSGLUlx9K4W__IMG_0327.JPG,1681662,2026-01-16T23:53:53.988092
1h4Kpq5JT6go-IYBDkTwTDH4FZY-ChMYS,IMG_0251.JPG,1h4Kpq5JT6go-IYBDkTwTDH4FZY-ChMYS__IMG_0251.JPG,data/staging/1h4Kpq5JT6go-IYBDkTwTDH4FZY-ChMYS__IMG_0251.JPG,766880,2026-01-16T23:55:24.795918
1hBCLgvJyMjP7wNKo5gfvn4r0zaL4djW,_IMG_0217.JPG,1hBCLgvJyMjP7wNKo5gfvn4r0zaL4djW___IMG_0217.JPG,data/staging/1hBCLgvJyMjP7wNKo5gfvn4r0zaL4djW___IMG_0217.JPG,550100,2026-01-16T23:56:01.373882
1hCTuUnKaZV0exBSQjMQ5TiM76wY9t0HO,IMG_0331.JPG,1hCTuUnKaZV0exBSQjMQ5TiM76wY9t0HO__IMG_0331.JPG,data/staging/1hCTuUnKaZV0exBSQjMQ5TiM76wY9t0HO__IMG_0331.JPG,735219,2026-01-16T23:53:48.618064
1hCbTFwyscR_zVFssOlTqbrsX5RVi9Q9J,IMG_0027.JPG,1hCbTFwyscR_zVFssOlTqbrsX5RVi9Q9J__IMG_0027.JPG,data/staging/1hCbTFwyscR_zVFssOlTqbrsX5RVi9Q9J__IMG_0027.JPG,623757,2026-01-17T00:10:30.643514
1hdMLdTYnoL_OJrUevwo4fG5Dq2Vc_P3A,IMG_0325.JPG,1hdMLdTYnoL_OJrUevwo4fG5Dq2Vc_P3A__IMG_0325.JPG,data/staging/1hdMLdTYnoL_OJrUevwo4fG5Dq2Vc_P3A__IMG_0325.JPG,1641321,2026-01-16T23:53:56.107558
1hrxOZdN4h7G9mAXkzNrzoDYC3ZBJWvg7,IMG_0239.JPG,1hrxOZdN4h7G9mAXkzNrzoDYC3ZBJWvg7__IMG_0239.JPG,data/staging/1hrxOZdN4h7G9mAXkzNrzoDYC3ZBJWvg7__IMG_0239.JPG,760978,2026-01-16T23:55:36.256167
1i3yNycCqbCKiEHsSzui-Ep_dWfnbNxzS,IMG_0150.JPG,1i3yNycCqbCKiEHsSzui-Ep_dWfnbNxzS__IMG_0150.JPG,data/staging/1i3yNycCqbCKiEHsSzui-Ep_dWfnbNxzS__IMG_0150.JPG,704693,2026-01-16T23:57:03.291998
1i4dyQYohNv0mwEnO-bsFhk-Gg9uxg2lt,IMG_0315.JPG,1i4dyQYohNv0mwEnO-bsFhk-Gg9uxg2lt__IMG_0315.JPG,data/staging/1i4dyQYohNv0mwEnO-bsFhk-Gg9uxg2lt__IMG_0315.JPG,667329,2026-01-16T23:54:08.446120
1igixc0J0c6p-4SKKaib5LqsPsqRlOOJk,IMG_0109.JPG,1igixc0J0c6p-4SKKaib5LqsPsqRlOOJk__IMG_0109.JPG,data/staging/1igixc0J0c6p-4SKKaib5LqsPsqRlOOJk__IMG_0109.JPG,343972,2026-01-16T23:57:58.963995
1ih49g3O-ulnCry3tukU6AVfNNa9yKizh,IMG_0190.JPG,1ih49g3O-ulnCry3tukU6AVfNNa9yKizh__IMG_0190.JPG,data/staging/1ih49g3O-ulnCry3tukU6AVfNNa9yKizh__IMG_0190.JPG,699952,2026-01-16T23:56:25.158101
1itc3JmEvSTKxlH6GwZas-WNwnAW5KjLd,IMG_0152.JPG,1itc3JmEvSTKxlH6GwZas-WNwnAW5KjLd__IMG_0152.JPG,data/staging/1itc3JmEvSTKxlH6GwZas-WNwnAW5KjLd__IMG_0152.JPG,705004,2026-01-16T23:56:58.700908
1jXx3z8HNnhvQ5yPtKSmQOTYCxE_7z1S0,IMG_0311.JPG,1jXx3z8HNnhvQ5yPtKSmQOTYCxE_7z1S0__IMG_0311.JPG,data/staging/1jXx3z8HNnhvQ5yPtKSmQOTYCxE_7z1S0__IMG_0311.JPG,676755,2026-01-16T23:54:14.130157
1jv9jTuEDLXE7W-PHu8K9hkmmhUE0buXy,IMG_0107.JPG,1jv9jTuEDLXE7W-PHu8K9hkmmhUE0buXy__IMG_0107.JPG,data/staging/1jv9jTuEDLXE7W-PHu8K9hkmmhUE0buXy__IMG_0107.JPG,632714,2026-01-16T23:58:03.007254
1k4S6gIBnzwmGXX9dMfz7XTjjvROUlgad,IMG_0247.JPG,1k4S6gIBnzwmGXX9dMfz7XTjjvROUlgad__IMG_0247.JPG,data/staging/1k4S6gIBnzwmGXX9dMfz7XTjjvROUlgad__IMG_0247.JPG,757619,2026-01-16T23:55:29.138046
1k6HCqzVzZNfWtJYSaQnGqUoh4BaMgxVr,IMG_0054.JPG,1k6HCqzVzZNfWtJYSaQnGqUoh4BaMgxVr__IMG_0054.JPG,data/staging/1k6HCqzVzZNfWtJYSaQnGqUoh4BaMgxVr__IMG_0054.JPG,659916,2026-01-17T00:09:53.578048
1kHdfs1BBRExRp2t1QiWj8ZR8KxWWMut6,IMG_0255.JPG,1kHdfs1BBRExRp2t1QiWj8ZR8KxWWMut6__IMG_0255.JPG,data/staging/1kHdfs1BBRExRp2t1QiWj8ZR8KxWWMut6__IMG_0255.JPG,631283,2026-01-16T23:55:19.808313
1kHsoPMcJ7g7E-COL5Kh5tunAPvI3VKq5,IMG_0284.JPG,1kHsoPMcJ7g7E-COL5Kh5tunAPvI3VKq5__IMG_0284.JPG,data/staging/1kHsoPMcJ7g7E-COL5Kh5tunAPvI3VKq5__IMG_0284.JPG,712528,2026-01-16T23:54:48.741621
1kK_F7vsOmQfIfBZjfD6I_ptOqJPBkKVS,IMG_0089.JPG,1kK_F7vsOmQfIfBZjfD6I_ptOqJPBkKVS__IMG_0089.JPG,data/staging/1kK_F7vsOmQfIfBZjfD6I_ptOqJPBkKVS__IMG_0089.JPG,676226,2026-01-16T23:58:25.325025
1kKyNohE_Eh23K0Wovzq4dzr2o_rGE1WG,IMG_0322.JPG,1kKyNohE_Eh23K0Wovzq4dzr2o_rGE1WG__IMG_0322.JPG,data/staging/1kKyNohE_Eh23K0Wovzq4dzr2o_rGE1WG__IMG_0322.JPG,1604324,2026-01-16T23:54:00.780012
1kQq2ujUvf0AiZ6M2ACI6iYDv4YOwwHB,_IMG_0360.JPG,1kQq2ujUvf0AiZ6M2ACI6iYDv4YOwwHB___IMG_0360.JPG,data/staging/1kQq2ujUvf0AiZ6M2ACI6iYDv4YOwwHB___IMG_0360.JPG,571118,2026-01-16T23:53:17.387938
1koKFn5019chhok4gdqhbUQAGHBvjc1L7,IMG_0118.JPG,1koKFn5019chhok4gdqhbUQAGHBvjc1L7__IMG_0118.JPG,data/staging/1koKFn5019chhok4gdqhbUQAGHBvjc1L7__IMG_0118.JPG,1147279,2026-01-16T23:57:45.360783
1kwpNKke93IsPmIGtEsV2nk1IRtItTTl2,IMG_0116.JPG,1kwpNKke93IsPmIGtEsV2nk1IRtItTTl2__IMG_0116.JPG,data/staging/1kwpNKke93IsPmIGtEsV2nk1IRtItTTl2__IMG_0116.JPG,702971,2026-01-16T23:57:47.560725
1lGwl1VoOQRHx0V7EVOa2oe8wV3aKBNpC,IMG_0014.JPG,1lGwl1VoOQRHx0V7EVOa2oe8wV3aKBNpC__IMG_0014.JPG,data/staging/1lGwl1VoOQRHx0V7EVOa2oe8wV3aKBNpC__IMG_0014.JPG,2464060,2026-01-17T00:10:49.680051
1lS31PZY5kRgX4DsBnrEGFxEK75thJB3R,IMG_0225.JPG,1lS31PZY5kRgX4DsBnrEGFxEK75thJB3R__IMG_0225.JPG,data/staging/1lS31PZY5kRgX4DsBnrEGFxEK75thJB3R__IMG_0225.JPG,1113376,2026-01-16T23:55:53.001009
1l_FdwjueMgKrgkJn1sOSgGSMe802TFC8,IMG_0002.JPG,1l_FdwjueMgKrgkJn1sOSgGSMe802TFC8__IMG_0002.JPG,data/staging/1l_FdwjueMgKrgkJn1sOSgGSMe802TFC8__IMG_0002.JPG,715792,2026-01-17T00:11:06.183569
1lrGawtcKY9H3KUzq2VqntvLn_wlgA3F5,IMG_0259.JPG,1lrGawtcKY9H3KUzq2VqntvLn_wlgA3F5__IMG_0259.JPG,data/staging/1lrGawtcKY9H3KUzq2VqntvLn_wlgA3F5__IMG_0259.JPG,2433159,2026-01-16T23:55:14.458127
1lyLnzqJ4nahqPV8_6jW397brHXnxICue,IMG_0203.JPG,1lyLnzqJ4nahqPV8_6jW397brHXnxICue__IMG_0203.JPG,data/staging/1lyLnzqJ4nahqPV8_6jW397brHXnxICue__IMG_0203.JPG,2517455,2026-01-16T23:56:12.879539
1mIZyvNLviImYr98jpLJOJZo6bzTX6YB6,IMG_0081.JPG,1mIZyvNLviImYr98jpLJOJZo6bzTX6YB6__IMG_0081.JPG,data/staging/1mIZyvNLviImYr98jpLJOJZo6bzTX6YB6__IMG_0081.JPG,661161,2026-01-16T23:58:31.127243
1mJkGw8rLnIPqu0hp7H2oOj8jZu9QXhdV,IMG_0085.JPG,1mJkGw8rLnIPqu0hp7H2oOj8jZu9QXhdV__IMG_0085.JPG,data/staging/1mJkGw8rLnIPqu0hp7H2oOj8jZu9QXhdV__IMG_0085.JPG,630160,2026-01-16T23:58:28.483838
1mKOPnBm1iS5qICsj6TSfnoXxJBaExy-z,IMG_0282.JPG,1mKOPnBm1iS5qICsj6TSfnoXxJBaExy-z__IMG_0282.JPG,data/staging/1mKOPnBm1iS5qICsj6TSfnoXxJBaExy-z__IMG_0282.JPG,339621,2026-01-16T23:54:50.226156
1mKOuK2bfQrIZ2ohDPAlh69fyMwnjO-ZF,IMG_0278.JPG,1mKOuK2bfQrIZ2ohDPAlh69fyMwnjO-ZF__IMG_0278.JPG,data/staging/1mKOuK2bfQrIZ2ohDPAlh69fyMwnjO-ZF__IMG_0278.JPG,709764,2026-01-16T23:54:52.923148
1mTpM7CK4l22fgOyT1Dp1oWnWCFexsXmf,IMG_0142.JPG,1mTpM7CK4l22fgOyT1Dp1oWnWCFexsXmf__IMG_0142.JPG,data/staging/1mTpM7CK4l22fgOyT1Dp1oWnWCFexsXmf__IMG_0142.JPG,2796306,2026-01-16T23:57:17.950997
1mYOaOKGn7-4vfyFS183UhZXjvfCSpVcM,IMG_0003.JPG,1mYOaOKGn7-4vfyFS183UhZXjvfCSpVcM__IMG_0003.JPG,data/staging/1mYOaOKGn7-4vfyFS183UhZXjvfCSpVcM__IMG_0003.JPG,2218770,2026-01-17T00:11:05.452312
1mvosTXRkm8lxUBS8elHPTIhSbYVhmryd,IMG_0249.JPG,1mvosTXRkm8lxUBS8elHPTIhSbYVhmryd__IMG_0249.JPG,data/staging/1mvosTXRkm8lxUBS8elHPTIhSbYVhmryd__IMG_0249.JPG,557686,2026-01-16T23:55:26.984786
1mya6hfco3G922cSk9pQN8g21wD0tYdLt,IMG_0233.JPG,1mya6hfco3G922cSk9pQN8g21wD0tYdLt__IMG_0233.JPG,data/staging/1mya6hfco3G922cSk9pQN8g21wD0tYdLt__IMG_0233.JPG,1124780,2026-01-16T23:55:41.048788
1nChBmemHbCsrYdY90SQTb7dIQBTK-uRW,IMG_0084.JPG,1nChBmemHbCsrYdY90SQTb7dIQBTK-uRW__IMG_0084.JPG,data/staging/1nChBmemHbCsrYdY90SQTb7dIQBTK-uRW__IMG_0084.JPG,671112,2026-01-16T23:58:29.099458
1nJXoOrE1LO_IogsuY5Nh1yOwanqwHmqM,IMG_0303.JPG,1nJXoOrE1LO_IogsuY5Nh1yOwanqwHmqM__IMG_0303.JPG,data/staging/1nJXoOrE1LO_IogsuY5Nh1yOwanqwHmqM__IMG_0303.JPG,2549183,2026-01-16T23:54:24.192240
1n_I7BKQxaIMZbNSbdblxdgF7Qv52Jf-T,IMG_0180.JPG,1n_I7BKQxaIMZbNSbdblxdgF7Qv52Jf-T__IMG_0180.JPG,data/staging/1n_I7BKQxaIMZbNSbdblxdgF7Qv52Jf-T__IMG_0180.JPG,2733061,2026-01-16T23:56:34.209560
1nfF6lNir6EeJ6uYv-1IT9VnmbhEYyMum,IMG_0070.JPG,1nfF6lNir6EeJ6uYv-1IT9VnmbhEYyMum__IMG_0070.JPG,data/staging/1nfF6lNir6EeJ6uYv-1IT9VnmbhEYyMum__IMG_0070.JPG,704436,2026-01-16T23:58:40.652006
1nhppzRXBR39phUeNbji8qWdmGH_HVc9h,IMG_0175.JPG,1nhppzRXBR39phUeNbji8qWdmGH_HVc9h__IMG_0175.JPG,data/staging/1nhppzRXBR39phUeNbji8qWdmGH_HVc9h__IMG_0175.JPG,847541,2026-01-16T23:56:38.726488
1nn8xDxyWpwHdsPugAIf9EYP5K7vjzF3v,IMG_0290.JPG,1nn8xDxyWpwHdsPugAIf9EYP5K7vjzF3v__IMG_0290.JPG,data/staging/1nn8xDxyWpwHdsPugAIf9EYP5K7vjzF3v__IMG_0290.JPG,712392,2026-01-16T23:54:41.875353
1o1ahLX0v_24FPEE-Nd7X7QTQgJbKdJeS,IMG_0148.JPG,1o1ahLX0v_24FPEE-Nd7X7QTQgJbKdJeS__IMG_0148.JPG,data/staging/1o1ahLX0v_24FPEE-Nd7X7QTQgJbKdJeS__IMG_0148.JPG,703143,2026-01-16T23:57:05.395743
1oS9dNHhSXsetfeHUbtJxJ0J2gzhAxCnc,IMG_0154.JPG,1oS9dNHhSXsetfeHUbtJxJ0J2gzhAxCnc__IMG_0154.JPG,data/staging/1oS9dNHhSXsetfeHUbtJxJ0J2gzhAxCnc__IMG_0154.JPG,700567,2026-01-16T23:56:56.786045
1oXrctqjLCZkz0sEnVJLL8nd6l43GW4Tj,IMG_0015.JPG,1oXrctqjLCZkz0sEnVJLL8nd6l43GW4Tj__IMG_0015.JPG,data/staging/1oXrctqjLCZkz0sEnVJLL8nd6l43GW4Tj__IMG_0015.JPG,2522609,2026-01-17T00:10:48.541642
1oZ5Ttpg6Foh7_3BBectWoB-K0PtN5oqu,IMG_0279.JPG,1oZ5Ttpg6Foh7_3BBectWoB-K0PtN5oqu__IMG_0279.JPG,data/staging/1oZ5Ttpg6Foh7_3BBectWoB-K0PtN5oqu__IMG_0279.JPG,711192,2026-01-16T23:54:52.055336
1ohIhO0rsblQS9RB5ahNdxWXjIrI7Vy8q,IMG_0270.JPG,1ohIhO0rsblQS9RB5ahNdxWXjIrI7Vy8q__IMG_0270.JPG,data/staging/1ohIhO0rsblQS9RB5ahNdxWXjIrI7Vy8q__IMG_0270.JPG,713406,2026-01-16T23:54:59.756208
1pHkzCLKWACfmsTpxZ79YeClJJMAmbd6v,IMG_0340.JPG,1pHkzCLKWACfmsTpxZ79YeClJJMAmbd6v__IMG_0340.JPG,data/staging/1pHkzCLKWACfmsTpxZ79YeClJJMAmbd6v__IMG_0340.JPG,720665,2026-01-16T23:53:39.056976
1peHoT1LqFeITt8KwIpWF9Vdwqg4TpewG,IMG_0347.JPG,1peHoT1LqFeITt8KwIpWF9Vdwqg4TpewG__IMG_0347.JPG,data/staging/1peHoT1LqFeITt8KwIpWF9Vdwqg4TpewG__IMG_0347.JPG,715103,2026-01-16T23:53:31.011375
1q47doouETsKhfvYBqfMYZoGEpJ6QLll9,IMG_0179.JPG,1q47doouETsKhfvYBqfMYZoGEpJ6QLll9__IMG_0179.JPG,data/staging/1q47doouETsKhfvYBqfMYZoGEpJ6QLll9__IMG_0179.JPG,2730551,2026-01-16T23:56:35.449524
1q67VVdFmnYrl95QXpW1rz0H-ccpwNqqU,IMG_0298.JPG,1q67VVdFmnYrl95QXpW1rz0H-ccpwNqqU__IMG_0298.JPG,data/staging/1q67VVdFmnYrl95QXpW1rz0H-ccpwNqqU__IMG_0298.JPG,713962,2026-01-16T23:54:32.581704
1qIR0mdmbEuQFK0Urv3LdND70Q1UooZMp,IMG_0349.JPG,1qIR0mdmbEuQFK0Urv3LdND70Q1UooZMp__IMG_0349.JPG,data/staging/1qIR0mdmbEuQFK0Urv3LdND70Q1UooZMp__IMG_0349.JPG,428140,2026-01-16T23:53:29.015385
1qdbnjXRzynjbNOFCbN3DY9q3QkrXuPRQ,IMG_0169.JPG,1qdbnjXRzynjbNOFCbN3DY9q3QkrXuPRQ__IMG_0169.JPG,data/staging/1qdbnjXRzynjbNOFCbN3DY9q3QkrXuPRQ__IMG_0169.JPG,1889706,2026-01-16T23:56:45.025319
1qma-ov1LoBcMoNxmuLHDp3K8JNHIYiuJ,IMG_0204.JPG,1qma-ov1LoBcMoNxmuLHDp3K8JNHIYiuJ__IMG_0204.JPG,data/staging/1qma-ov1LoBcMoNxmuLHDp3K8JNHIYiuJ__IMG_0204.JPG,2520049,2026-01-16T23:56:12.093772
1r5CfUcBYDl7KD5bYeKVXewi7vMiD-hHm,IMG_0056.JPG,1r5CfUcBYDl7KD5bYeKVXewi7vMiD-hHm__IMG_0056.JPG,data/staging/1r5CfUcBYDl7KD5bYeKVXewi7vMiD-hHm__IMG_0056.JPG,661273,2026-01-17T00:09:52.205586
1rQA6nxiShn3zfjYgfG6lc_uB2sMcy9G0,IMG_0133.JPG,1rQA6nxiShn3zfjYgfG6lc_uB2sMcy9G0__IMG_0133.JPG,data/staging/1rQA6nxiShn3zfjYgfG6lc_uB2sMcy9G0__IMG_0133.JPG,509159,2026-01-16T23:57:29.671938
1rYU1yn8onPxN4UJEA6z3B5KaFYlSID85,IMG_0134.JPG,1rYU1yn8onPxN4UJEA6z3B5KaFYlSID85__IMG_0134.JPG,data/staging/1rYU1yn8onPxN4UJEA6z3B5KaFYlSID85__IMG_0134.JPG,697772,2026-01-16T23:57:28.890894
1rqcYLiJVrDSoHV8lEZMHuBC4zeYMaP_d,IMG_0275.JPG,1rqcYLiJVrDSoHV8lEZMHuBC4zeYMaP_d__IMG_0275.JPG,data/staging/1rqcYLiJVrDSoHV8lEZMHuBC4zeYMaP_d__IMG_0275.JPG,697792,2026-01-16T23:54:55.129740
1rqvyzMqQh1KlwUKU5KMZHzukUZ5rO-WQ,IMG_0222.JPG,1rqvyzMqQh1KlwUKU5KMZHzukUZ5rO-WQ__IMG_0222.JPG,data/staging/1rqvyzMqQh1KlwUKU5KMZHzukUZ5rO-WQ__IMG_0222.JPG,1121509,2026-01-16T23:55:57.565784
1rvi5YwYOOpxDnqWndpMCLZaWiE3iedI5,IMG_0091.JPG,1rvi5YwYOOpxDnqWndpMCLZaWiE3iedI5__IMG_0091.JPG,data/staging/1rvi5YwYOOpxDnqWndpMCLZaWiE3iedI5__IMG_0091.JPG,697405,2026-01-16T23:58:22.158441
1s9PTSPNvlgvRv_EbvmHAri_hoOp2i1Lk,IMG_0238.JPG,1s9PTSPNvlgvRv_EbvmHAri_hoOp2i1Lk__IMG_0238.JPG,data/staging/1s9PTSPNvlgvRv_EbvmHAri_hoOp2i1Lk__IMG_0238.JPG,798128,2026-01-16T23:55:37.077011
1sDwZYDerrHvU5q8-cCXX8rWJP7cIYcIP,IMG_0263.JPG,1sDwZYDerrHvU5q8-cCXX8rWJP7cIYcIP__IMG_0263.JPG,data/staging/1sDwZYDerrHvU5q8-cCXX8rWJP7cIYcIP__IMG_0263.JPG,2639758,2026-01-16T23:55:09.416100
1sWYUJk7vyf0LW858RIW9dBRcYKKcl5b-,IMG_0092.JPG,1sWYUJk7vyf0LW858RIW9dBRcYKKcl5b-__IMG_0092.JPG,data/staging/1sWYUJk7vyf0LW858RIW9dBRcYKKcl5b-__IMG_0092.JPG,594821,2026-01-16T23:58:21.177909
1swVbYF60XdIoojZSrc1BqVqo2jdHyWOf,IMG_0033.JPG,1swVbYF60XdIoojZSrc1BqVqo2jdHyWOf__IMG_0033.JPG,data/staging/1swVbYF60XdIoojZSrc1BqVqo2jdHyWOf__IMG_0033.JPG,2479192,2026-01-17T00:10:19.641459
1sxeFBC-X0NIY4MCPDvCGlSUmHdHmAqWi,IMG_0329.JPG,1sxeFBC-X0NIY4MCPDvCGlSUmHdHmAqWi__IMG_0329.JPG,data/staging/1sxeFBC-X0NIY4MCPDvCGlSUmHdHmAqWi__IMG_0329.JPG,674229,2026-01-16T23:53:50.225735
1t5FqvxG4x6KyGvEkEkTQ_RoEfirYigVs,IMG_0295.JPG,1t5FqvxG4x6KyGvEkEkTQ_RoEfirYigVs__IMG_0295.JPG,data/staging/1t5FqvxG4x6KyGvEkEkTQ_RoEfirYigVs__IMG_0295.JPG,954747,2026-01-16T23:54:35.910395
1tNU2AgTj272AYNn58t-RKjnMn0pqD3Oy,IMG_0073.JPG,1tNU2AgTj272AYNn58t-RKjnMn0pqD3Oy__IMG_0073.JPG,data/staging/1tNU2AgTj272AYNn58t-RKjnMn0pqD3Oy__IMG_0073.JPG,707743,2026-01-16T23:58:37.962757
1tPMjfFFxeId43rqsMsgFxPgghsDHm-X8,IMG_0005.JPG,1tPMjfFFxeId43rqsMsgFxPgghsDHm-X8__IMG_0005.JPG,data/staging/1tPMjfFFxeId43rqsMsgFxPgghsDHm-X8__IMG_0005.JPG,2140563,2026-01-17T00:11:01.490970
1tXyHhZu4Km3YGRAtuQDCMKr6F9AF8Rm6,IMG_0365.JPG,1tXyHhZu4Km3YGRAtuQDCMKr6F9AF8Rm6__IMG_0365.JPG,data/staging/1tXyHhZu4Km3YGRAtuQDCMKr6F9AF8Rm6__IMG_0365.JPG,2349773,2026-01-16T23:53:11.747663
1u0WHkmEYXhO-A4V3DWvDMu7237tODQWA,IMG_0253.JPG,1u0WHkmEYXhO-A4V3DWvDMu7237tODQWA__IMG_0253.JPG,data/staging/1u0WHkmEYXhO-A4V3DWvDMu7237tODQWA__IMG_0253.JPG,802554,2026-01-16T23:55:22.052258
1uAGsxVa-e7ifIIooi5A_kK1S6TbyZGsq,IMG_0063.JPG,1uAGsxVa-e7ifIIooi5A_kK1S6TbyZGsq__IMG_0063.JPG,data/staging/1uAGsxVa-e7ifIIooi5A_kK1S6TbyZGsq__IMG_0063.JPG,1077494,2026-01-17T00:09:44.496197
1uNW61yOQ3-8sYmTiyCdkYNof2Hroiv8z,IMG_0194.JPG,1uNW61yOQ3-8sYmTiyCdkYNof2Hroiv8z__IMG_0194.JPG,data/staging/1uNW61yOQ3-8sYmTiyCdkYNof2Hroiv8z__IMG_0194.JPG,694635,2026-01-16T23:56:21.815844
1ue0H1RfIBIfZNrjXkI48My_IbTI4Wz5j,IMG_0236.JPG,1ue0H1RfIBIfZNrjXkI48My_IbTI4Wz5j__IMG_0236.JPG,data/staging/1ue0H1RfIBIfZNrjXkI48My_IbTI4Wz5j__IMG_0236.JPG,2389747,2026-01-16T23:55:38.767555
1v50NKC_Q9XVhNjOhSIUaK2pS1RGwD62k,IMG_0058.JPG,1v50NKC_Q9XVhNjOhSIUaK2pS1RGwD62k__IMG_0058.JPG,data/staging/1v50NKC_Q9XVhNjOhSIUaK2pS1RGwD62k__IMG_0058.JPG,716417,2026-01-17T00:09:50.858199
1vAXFG3-2rQnZwm9MLWn9QGvsiZF7Opyk,IMG_0346.JPG,1vAXFG3-2rQnZwm9MLWn9QGvsiZF7Opyk__IMG_0346.JPG,data/staging/1vAXFG3-2rQnZwm9MLWn9QGvsiZF7Opyk__IMG_0346.JPG,773156,2026-01-16T23:53:31.916341
1vAg6xZA9i7c-OU-EIzM2EwDU_S7pveCv,IMG_0184.JPG,1vAg6xZA9i7c-OU-EIzM2EwDU_S7pveCv__IMG_0184.JPG,data/staging/1vAg6xZA9i7c-OU-EIzM2EwDU_S7pveCv__IMG_0184.JPG,728549,2026-01-16T23:56:30.967750
1vVGAO4HoHoAGL-UBpOTGFC8_OvSni45p,IMG_0013.JPG,1vVGAO4HoHoAGL-UBpOTGFC8_OvSni45p__IMG_0013.JPG,data/staging/1vVGAO4HoHoAGL-UBpOTGFC8_OvSni45p__IMG_0013.JPG,2566793,2026-01-17T00:10:50.815985
1vXGHHgO8lFZmx3PRhZoFHrvUvSehwLzx,IMG_0026.JPG,1vXGHHgO8lFZmx3PRhZoFHrvUvSehwLzx__IMG_0026.JPG,data/staging/1vXGHHgO8lFZmx3PRhZoFHrvUvSehwLzx__IMG_0026.JPG,318516,2026-01-17T00:10:31.538922
1vcVjy_eO2736BpajZzyRNAmhy6GS-P5A,IMG_0035.JPG,1vcVjy_eO2736BpajZzyRNAmhy6GS-P5A__IMG_0035.JPG,data/staging/1vcVjy_eO2736BpajZzyRNAmhy6GS-P5A__IMG_0035.JPG,624869,2026-01-17T00:10:15.912012
1vtG1Hi4GA6kHjFhbbJHuHKnhug7KmlmC,IMG_0055.JPG,1vtG1Hi4GA6kHjFhbbJHuHKnhug7KmlmC__IMG_0055.JPG,data/staging/1vtG1Hi4GA6kHjFhbbJHuHKnhug7KmlmC__IMG_0055.JPG,705992,2026-01-17T00:09:52.944111
1vwep5_VFDQtOwv_vLaeNtDRQFnehiM7A,IMG_0357.JPG,1vwep5_VFDQtOwv_vLaeNtDRQFnehiM7A__IMG_0357.JPG,data/staging/1vwep5_VFDQtOwv_vLaeNtDRQFnehiM7A__IMG_0357.JPG,704287,2026-01-16T23:53:21.011423
1wBr2m35GNDSpWd0X33zZIask5x3pb_X4,IMG_0019.JPG,1wBr2m35GNDSpWd0X33zZIask5x3pb_X4__IMG_0019.JPG,data/staging/1wBr2m35GNDSpWd0X33zZIask5x3pb_X4__IMG_0019.JPG,602595,2026-01-17T00:10:43.678840
1wdXkV8vyRv7AWcxVs8t-7Xgu-g9okBGI,IMG_0156.JPG,1wdXkV8vyRv7AWcxVs8t-7Xgu-g9okBGI__IMG_0156.JPG,data/staging/1wdXkV8vyRv7AWcxVs8t-7Xgu-g9okBGI__IMG_0156.JPG,700847,2026-01-16T23:56:55.102963
1x-MU-BeDKwyoP3PKKXDbKJWBglWfV6Um,IMG_0314.JPG,1x-MU-BeDKwyoP3PKKXDbKJWBglWfV6Um__IMG_0314.JPG,data/staging/1x-MU-BeDKwyoP3PKKXDbKJWBglWfV6Um__IMG_0314.JPG,677291,2026-01-16T23:54:10.014449
1xN4W8-GqHUs85QC_NncGsqZM6J8855SS,IMG_0234.JPG,1xN4W8-GqHUs85QC_NncGsqZM6J8855SS__IMG_0234.JPG,data/staging/1xN4W8-GqHUs85QC_NncGsqZM6J8855SS__IMG_0234.JPG,1130027,2026-01-16T23:55:40.287616
1xSWUAZ-fmzaZBM6J-QWPb3kCQSDrIk2R,IMG_0293.JPG,1xSWUAZ-fmzaZBM6J-QWPb3kCQSDrIk2R__IMG_0293.JPG,data/staging/1xSWUAZ-fmzaZBM6J-QWPb3kCQSDrIk2R__IMG_0293.JPG,713558,2026-01-16T23:54:38.318415
1xTfOwRtfmtlLb-qTb-VH_fXDO9tgmot9,IMG_0326.JPG,1xTfOwRtfmtlLb-qTb-VH_fXDO9tgmot9__IMG_0326.JPG,data/staging/1xTfOwRtfmtlLb-qTb-VH_fXDO9tgmot9__IMG_0326.JPG,1699001,2026-01-16T23:53:54.894187
1xUhH8MlkuaSsH0w9yJ5Y3Vzs8-EAqkpa,IMG_0174.JPG,1xUhH8MlkuaSsH0w9yJ5Y3Vzs8-EAqkpa__IMG_0174.JPG,data/staging/1xUhH8MlkuaSsH0w9yJ5Y3Vzs8-EAqkpa__IMG_0174.JPG,1914427,2026-01-16T23:56:40.208938
1xbeyIuytaudFrZatKG0t6heSDkLbTGEp,IMG_0018.JPG,1xbeyIuytaudFrZatKG0t6heSDkLbTGEp__IMG_0018.JPG,data/staging/1xbeyIuytaudFrZatKG0t6heSDkLbTGEp__IMG_0018.JPG,2232919,2026-01-17T00:10:44.968856
1y63T-WnL5ou4u_v0fRZ9lH6_8wXNUI5w,IMG_0067.JPG,1y63T-WnL5ou4u_v0fRZ9lH6_8wXNUI5w__IMG_0067.JPG,data/staging/1y63T-WnL5ou4u_v0fRZ9lH6_8wXNUI5w__IMG_0067.JPG,2387264,2026-01-16T23:58:48.224090
1yBf2i83Bm2bn-GUacx0L2V67wFQSxFkl,IMG_0049.JPG,1yBf2i83Bm2bn-GUacx0L2V67wFQSxFkl__IMG_0049.JPG,data/staging/1yBf2i83Bm2bn-GUacx0L2V67wFQSxFkl__IMG_0049.JPG,2619619,2026-01-17T00:10:00.529035
1yEUZVyCVaMAxKlm6_kvviVAaIbF41hOZ,IMG_0165.JPG,1yEUZVyCVaMAxKlm6_kvviVAaIbF41hOZ__IMG_0165.JPG,data/staging/1yEUZVyCVaMAxKlm6_kvviVAaIbF41hOZ__IMG_0165.JPG,699665,2026-01-16T23:56:49.060761
1yhrdda3yHHajjJ0zQFcNfg7R5yXSK9-j,IMG_0173.JPG,1yhrdda3yHHajjJ0zQFcNfg7R5yXSK9-j__IMG_0173.JPG,data/staging/1yhrdda3yHHajjJ0zQFcNfg7R5yXSK9-j__IMG_0173.JPG,1912459,2026-01-16T23:56:41.127509
1yiJ8qO6JomY7rvNnsglVnkjetkqZOMEX,IMG_0211.JPG,1yiJ8qO6JomY7rvNnsglVnkjetkqZOMEX__IMG_0211.JPG,data/staging/1yiJ8qO6JomY7rvNnsglVnkjetkqZOMEX__IMG_0211.JPG,496426,2026-01-16T23:56:06.038002
1yl0T4MRsY13dxTXmz5EHlXgLTUEfeqC1,IMG_0345.JPG,1yl0T4MRsY13dxTXmz5EHlXgLTUEfeqC1__IMG_0345.JPG,data/staging/1yl0T4MRsY13dxTXmz5EHlXgLTUEfeqC1__IMG_0345.JPG,699706,2026-01-16T23:53:33.278037
1ytkVKOVYfCgC2K-3WjCxl8klnGrVvHey,IMG_0153.JPG,1ytkVKOVYfCgC2K-3WjCxl8klnGrVvHey__IMG_0153.JPG,data/staging/1ytkVKOVYfCgC2K-3WjCxl8klnGrVvHey__IMG_0153.JPG,703976,2026-01-16T23:56:57.686056
1z-aVaoJxobCAQA_ODO7qcRFhSUFZJ-nW,IMG_0155.JPG,1z-aVaoJxobCAQA_ODO7qcRFhSUFZJ-nW__IMG_0155.JPG,data/staging/1z-aVaoJxobCAQA_ODO7qcRFhSUFZJ-nW__IMG_0155.JPG,703908,2026-01-16T23:56:55.936562
1z7_OK0eGbp2MJm1fHQWontfKseABEKdB,IMG_0321.JPG,1z7_OK0eGbp2MJm1fHQWontfKseABEKdB__IMG_0321.JPG,data/staging/1z7_OK0eGbp2MJm1fHQWontfKseABEKdB__IMG_0321.JPG,675872,2026-01-16T23:54:01.461662
1z8NL9OMgUv9nANjTzr7dEPAW1cuWSxFs,IMG_0177.JPG,1z8NL9OMgUv9nANjTzr7dEPAW1cuWSxFs__IMG_0177.JPG,data/staging/1z8NL9OMgUv9nANjTzr7dEPAW1cuWSxFs__IMG_0177.JPG,955597,2026-01-16T23:56:37.301042
1zk2KUjWqlxNhZyITwG0vOPqno1zxqR4R,IMG_0094.JPG,1zk2KUjWqlxNhZyITwG0vOPqno1zxqR4R__IMG_0094.JPG,data/staging/1zk2KUjWqlxNhZyITwG0vOPqno1zxqR4R__IMG_0094.JPG,529742,2026-01-16T23:58:17.952792
1zr1K_RXkVUfG-dl3gPTT8PPGk3Z3cSpp,IMG_0267.JPG,1zr1K_RXkVUfG-dl3gPTT8PPGk3Z3cSpp__IMG_0267.JPG,data/staging/1zr1K_RXkVUfG-dl3gPTT8PPGk3Z3cSpp__IMG_0267.JPG,1791433,2026-01-16T23:55:03.534596
