file_id,file_name,local_file_name,exif_datetime,width,height
1-6xWPcGJL5YOAjVHAOVktYVB62Wc0psB,IMG_0207.JPG,1-6xWPcGJL5YOAjVHAOVktYVB62Wc0psB__IMG_0207.JPG,2025:11:09 12:49:05,4208,2368
1-6zTX_vOJDezBgUcMi2LZDkvPHVLr_oO,IMG_0141.JPG,1-6zTX_vOJDezBgUcMi2LZDkvPHVLr_oO__IMG_0141.JPG,2025:11:01 16:13:35,4208,2368
1-Ryee8FMQV8JoKPjwZK9YrJwMCzOQ4kp,IMG_0066.JPG,1-Ryee8FMQV8JoKPjwZK9YrJwMCzOQ4kp__IMG_0066.JPG,2025:10:17 18:57:14,4208,2368
105PHMBXY8dnVCV9XskO5wZjq7tKIuxBa,IMG_0028.JPG,105PHMBXY8dnVCV9XskO5wZjq7tKIuxBa__IMG_0028.JPG,2025:10:12 10:09:07,4208,2368
10F0s34QD4pm7czM9f_lvVaoAx-xO3Ox8,IMG_0101.JPG,10F0s34QD4pm7czM9f_lvVaoAx-xO3Ox8__IMG_0101.JPG,2025:10:20 02:06:09,4208,2368
10ZnU8HJhruoKKvtiqGZ6wy8C_HVLtJ5h,IMG_0292.JPG,10ZnU8HJhruoKKvtiqGZ6wy8C_HVLtJ5h__IMG_0292.JPG,2025:11:25 03:38:04,4208,2368
10fmSZgbAi8Y79Wv_PE5dUXQJrdwGefjw,IMG_0069.JPG,10fmSZgbAi8Y79Wv_PE5dUXQJrdwGefjw__IMG_0069.JPG,2025:10:18 08:56:58,4208,2368
1148VG333qxXwp2wq1LJcl4-RTLXB-SS9,IMG_0034.JPG,1148VG333qxXwp2wq1LJcl4-RTLXB-SS9__IMG_0034.JPG,2025:10:12 20:41:46,4208,2368
11KdjGIr-C0NX3p326wXk4OuIoxKKX-tf,IMG_0071.JPG,11KdjGIr-C0NX3p326wXk4OuIoxKKX-tf__IMG_0071.JPG,2025:10:18 22:36:50,4208,2368
11UtiCgYKwxKAr-xto3oDjjOOm-d82_5V,IMG_0127.JPG,11UtiCgYKwxKAr-xto3oDjjOOm-d82_5V__IMG_0127.JPG,2025:10:31 17:39:38,4208,2368
11ZXBv3fw4itOYnt4qeehZPCqmKB_fQO4,IMG_0294.JPG,11ZXBv3fw4itOYnt4qeehZPCqmKB_fQO4__IMG_0294.JPG,2025:11:25 03:38:08,4208,2368
11cp0vbfLS5HiRK6-nAdjdYBMi0V6484d,IMG_0356.JPG,11cp0vbfLS5HiRK6-nAdjdYBMi0V6484d__IMG_0356.JPG,2025:12:14 22:56:24,4208,2368
11lpP7WCGuMXJu6-tWEK-CoXGJDUXNywd,IMG_0320.JPG,11lpP7WCGuMXJu6-tWEK-CoXGJDUXNywd__IMG_0320.JPG,2025:12:04 20:57:27,4208,2368
11tkelr3gEKxhoXPh6-H_9nuPUBJKh4de,IMG_0288.JPG,11tkelr3gEKxhoXPh6-H_9nuPUBJKh4de__IMG_0288.JPG,2025:11:24 06:29:03,4208,2368
121GghKercjXhS0mN8PTg76c2kcKnKvS,_IMG_0237.JPG,121GghKercjXhS0mN8PTg76c2kcKnKvS___IMG_0237.JPG,2025:11:15 14:11:20,4208,2368
12BccUc4LcpItXjFJTrvCparxJGVjLw3P,IMG_0248.JPG,12BccUc4LcpItXjFJTrvCparxJGVjLw3P__IMG_0248.JPG,2025:11:17 01:38:23,4208,2368
12cZvh1SyRi4FHLmNyppplUtGVdqE7bUR,IMG_0273.JPG,12cZvh1SyRi4FHLmNyppplUtGVdqE7bUR__IMG_0273.JPG,2025:11:22 18:01:42,4208,2368
12h9JsQHSBXDPJdK7j-uYUkynYIXAxbHn,IMG_0264.JPG,12h9JsQHSBXDPJdK7j-uYUkynYIXAxbHn__IMG_0264.JPG,2025:11:20 13:29:48,4208,2368
12rUAoKOYG72dxk61mTMQNuKilTKCfPV4,IMG_0051.JPG,12rUAoKOYG72dxk61mTMQNuKilTKCfPV4__IMG_0051.JPG,2025:10:15 07:44:20,4208,2368
13Lt80S_WpQKvhsmte8AwfGTZLhyRUzwl,IMG_0138.JPG,13Lt80S_WpQKvhsmte8AwfGTZLhyRUzwl__IMG_0138.JPG,2025:11:01 04:22:30,4208,2368
13ecFnFbcvzI-9iiBLaOuWEbg1LlusEJO,IMG_0113.JPG,13ecFnFbcvzI-9iiBLaOuWEbg1LlusEJO__IMG_0113.JPG,2025:10:27 02:49:05,4208,2368
13pdLfETd_DMaRMrk-YDrE8pIMY-mjefZ,IMG_0031.JPG,13pdLfETd_DMaRMrk-YDrE8pIMY-mjefZ__IMG_0031.JPG,2025:10:12 16:04:22,4208,2368
13vg3kV9PuKaOFW2N28_Ix6KoH_OpwfT2,IMG_0219.JPG,13vg3kV9PuKaOFW2N28_Ix6KoH_OpwfT2__IMG_0219.JPG,2025:11:12 19:21:31,4208,2368
142FLrtwKRmbBbrlwjyOmpU-OQEUBFl8A,IMG_0243.JPG,142FLrtwKRmbBbrlwjyOmpU-OQEUBFl8A__IMG_0243.JPG,2025:11:16 17:47:56,4208,2368
143x84zC1j52g1F_Lr4-_B66bQw3J8ZKC,IMG_0139.JPG,143x84zC1j52g1F_Lr4-_B66bQw3J8ZKC__IMG_0139.JPG,2025:11:01 16:13:30,4208,2368
14JfzvExEmoJe38c9y6EKmA0I5Zz_-TZS,IMG_0124.JPG,14JfzvExEmoJe38c9y6EKmA0I5Zz_-TZS__IMG_0124.JPG,2025:10:31 13:04:46,4208,2368
14OnfQpNWiJbiLR0Mq-JIs9_1CftIK8uy,IMG_0291.JPG,14OnfQpNWiJbiLR0Mq-JIs9_1CftIK8uy__IMG_0291.JPG,2025:11:24 19:43:27,4208,2368
14RbAP65GIcPROXhRFYeLsY53aOBr-qu8,IMG_0050.JPG,14RbAP65GIcPROXhRFYeLsY53aOBr-qu8__IMG_0050.JPG,2025:10:15 07:44:17,4208,2368
14jwIcUoCACIveLB9S2iCcIiWXnlar66w,IMG_0200.JPG,14jwIcUoCACIveLB9S2iCcIiWXnlar66w__IMG_0200.JPG,2025:11:07 12:49:40,4208,2368
14kijpIfGq1LsO2t7eGzCIorUYoYFyZ_G,IMG_0339.JPG,14kijpIfGq1LsO2t7eGzCIorUYoYFyZ_G__IMG_0339.JPG,2025:12:11 14:46:53,4208,2368
155HQG7vhGvCvHJE5TCpNpWR_9eXOx22w,IMG_0187.JPG,155HQG7vhGvCvHJE5TCpNpWR_9eXOx22w__IMG_0187.JPG,2025:11:05 17:47:15,4208,2368
159s2i1Wc9SMMt4XSwdQCDbEjLa56Qy-s,IMG_0178.JPG,159s2i1Wc9SMMt4XSwdQCDbEjLa56Qy-s__IMG_0178.JPG,2025:11:04 16:30:44,4208,2368
15RCYZLolhhAmsLVRwI7AyPa-EwP2-4Jp,IMG_0307.JPG,15RCYZLolhhAmsLVRwI7AyPa-EwP2-4Jp__IMG_0307.JPG,2025:11:30 08:32:36,4208,2368
15V-QvNxaeqA2cTj7yANPQfzJMJqY1zqs,IMG_0052.JPG,15V-QvNxaeqA2cTj7yANPQfzJMJqY1zqs__IMG_0052.JPG,2025:10:16 03:57:18,4208,2368
15o-aMvcan_WGvZYvhOXlgomzFx8aAdXl,IMG_0021.JPG,15o-aMvcan_WGvZYvhOXlgomzFx8aAdXl__IMG_0021.JPG,2025:10:09 14:12:53,4208,2368
15oGA5QwzzhzKO7RmKelXe7vngDAg8ykN,IMG_0008.JPG,15oGA5QwzzhzKO7RmKelXe7vngDAg8ykN__IMG_0008.JPG,2025:10:09 14:04:41,4208,2368
166n0IYtCCqLX1XVlCI0349Z_SpFmonum,IMG_0122.JPG,166n0IYtCCqLX1XVlCI0349Z_SpFmonum__IMG_0122.JPG,2025:10:28 07:58:17,4208,2368
16KMI6Faxy8VJKdMAYBjnJkkBztU2B7rR,IMG_0119.JPG,16KMI6Faxy8VJKdMAYBjnJkkBztU2B7rR__IMG_0119.JPG,2025:10:28 07:32:55,4208,2368
16NK1Wzic1hwvt6m3zpUyyIVBq1pOzYkK,IMG_0057.JPG,16NK1Wzic1hwvt6m3zpUyyIVBq1pOzYkK__IMG_0057.JPG,2025:10:16 22:41:59,4208,2368
16QoTQ7Y7IWuJSCYiRDYaifi3dtbijWvh,IMG_0146.JPG,16QoTQ7Y7IWuJSCYiRDYaifi3dtbijWvh__IMG_0146.JPG,2025:11:02 00:47:18,4208,2368
16eX8CTqEhfZI_aXbXhHQEAozWt6T6Q5d,IMG_0335.JPG,16eX8CTqEhfZI_aXbXhHQEAozWt6T6Q5d__IMG_0335.JPG,2025:12:10 10:51:27,4208,2368
17NJXKVb5irarmT-nYRjIc55eOUUWLZu6,IMG_0229.JPG,17NJXKVb5irarmT-nYRjIc55eOUUWLZu6__IMG_0229.JPG,2025:11:14 02:08:00,4208,2368
17NulKEQKxjqMOrqZJax8EwnoXfPZLY2e,IMG_0104.JPG,17NulKEQKxjqMOrqZJax8EwnoXfPZLY2e__IMG_0104.JPG,2025:10:20 19:27:37,4208,2368
181MzAxxWRza77k6BApKDA9PiwWgv1fkK,IMG_0102.JPG,181MzAxxWRza77k6BApKDA9PiwWgv1fkK__IMG_0102.JPG,2025:10:20 02:06:11,4208,2368
18BXySlJu9V2QFSkgIBODxKiX95TIqWHF,IMG_0048.JPG,18BXySlJu9V2QFSkgIBODxKiX95TIqWHF__IMG_0048.JPG,2025:10:15 04:49:44,4208,2368
18Big2oW3vV6WPKraMeXesv-qkCJX2rHq,IMG_0280.JPG,18Big2oW3vV6WPKraMeXesv-qkCJX2rHq__IMG_0280.JPG,2025:11:23 03:00:10,4208,2368
18g0oavstSxfL-oiem150aoD7GckXnmGw,IMG_0205.JPG,18g0oavstSxfL-oiem150aoD7GckXnmGw__IMG_0205.JPG,2025:11:09 12:49:00,4208,2368
18wIpjpyiUCf64SwTmtBNwB-kfpxUAvpS,IMG_0272.JPG,18wIpjpyiUCf64SwTmtBNwB-kfpxUAvpS__IMG_0272.JPG,2025:11:22 18:01:40,4208,2368
19K-b2TJzJjcA0PqdL7Q4VQWyjpawAX3-,IMG_0045.JPG,19K-b2TJzJjcA0PqdL7Q4VQWyjpawAX3-__IMG_0045.JPG,2025:10:14 16:57:19,4208,2368
19Sy21FZOdAChmFy58sOSktZ7hPdHDXYX,IMG_0030.JPG,19Sy21FZOdAChmFy58sOSktZ7hPdHDXYX__IMG_0030.JPG,2025:10:12 10:09:11,4208,2368
19U3fRokla0gmmbMiIJa8_hIzXsKzct3x,IMG_0029.JPG,19U3fRokla0gmmbMiIJa8_hIzXsKzct3x__IMG_0029.JPG,2025:10:12 10:09:09,4208,2368
19X2JzduTXcNEi3pHTjRMg4zYD334-9wq,IMG_0304.JPG,19X2JzduTXcNEi3pHTjRMg4zYD334-9wq__IMG_0304.JPG,2025:11:28 03:48:31,4208,2368
1ABt_SzTdVSS6h8Z0Lr5cV0iM89hvWjer,IMG_0042.JPG,1ABt_SzTdVSS6h8Z0Lr5cV0iM89hvWjer__IMG_0042.JPG,2025:10:14 11:56:32,4208,2368
1AW-ZC-0jsqVo6GvdF7gMpquSo33O8s9L,IMG_0330.JPG,1AW-ZC-0jsqVo6GvdF7gMpquSo33O8s9L__IMG_0330.JPG,2025:12:09 21:58:50,4208,2368
1AX3pr0_LlRl6RfDYzzu-jnaVanYc-2sm,IMG_0004.JPG,1AX3pr0_LlRl6RfDYzzu-jnaVanYc-2sm__IMG_0004.JPG,2025:10:09 14:03:34,4208,2368
1B1PhCXA65rcmjvqDjKMpZMClmMgqequ2,IMG_0208.JPG,1B1PhCXA65rcmjvqDjKMpZMClmMgqequ2__IMG_0208.JPG,2025:11:09 14:23:50,4208,2368
1B2tvOyOM7Vhq_eZNeZPkNyi9cRG7CadJ,IMG_0245.JPG,1B2tvOyOM7Vhq_eZNeZPkNyi9cRG7CadJ__IMG_0245.JPG,2025:11:16 21:10:20,4208,2368
1B5tuQGoSe1GiD0WvbRbfQ9yBfbstk2v,_IMG_0163.JPG,1B5tuQGoSe1GiD0WvbRbfQ9yBfbstk2v___IMG_0163.JPG,2025:11:02 04:47:04,4208,2368
1Bcyw2TPnpj5wnPyb-qf-BcDO9FWCe2A2,IMG_0098.JPG,1Bcyw2TPnpj5wnPyb-qf-BcDO9FWCe2A2__IMG_0098.JPG,2025:10:19 13:32:50,4208,2368
1BfFMC_mOG9JwQB2ZgjxoYeWW8i55-rp,_IMG_0112.JPG,1BfFMC_mOG9JwQB2ZgjxoYeWW8i55-rp___IMG_0112.JPG,2025:10:27 02:49:03,4208,2368
1C43rOKS73Wu8F7Eoyv9Xb8nT3zSb8uoI,IMG_0162.JPG,1C43rOKS73Wu8F7Eoyv9Xb8nT3zSb8uoI__IMG_0162.JPG,2025:11:02 04:46:00,4208,2368
1C50mnmzG2QgBcF6HFLJzNYv6W93axbwR,IMG_0213.JPG,1C50mnmzG2QgBcF6HFLJzNYv6W93axbwR__IMG_0213.JPG,2025:11:11 05:28:48,4208,2368
1CDESXnsHX9U5HKDff2JTzW5Q-i4uu0-l,IMG_0350.JPG,1CDESXnsHX9U5HKDff2JTzW5Q-i4uu0-l__IMG_0350.JPG,2025:12:14 07:15:56,4208,2368
1CQYx8IwyrbphjHFQlUIxO9FUdhmn_sEZ,IMG_0324.JPG,1CQYx8IwyrbphjHFQlUIxO9FUdhmn_sEZ__IMG_0324.JPG,2025:12:06 10:05:39,4208,2368
1CkRX2OwEQLhdj_56PIQUKYpcL0L06-U8,IMG_0240.JPG,1CkRX2OwEQLhdj_56PIQUKYpcL0L06-U8__IMG_0240.JPG,2025:11:16 06:31:25,4208,2368
1CnMW73t-I_0rBeQ7y8jNGFBiqJ6cksaZ,IMG_0215.JPG,1CnMW73t-I_0rBeQ7y8jNGFBiqJ6cksaZ__IMG_0215.JPG,2025:11:12 03:44:13,4208,2368
1D6GCrgcICdv4ijM8cOsICgsFVZVcg6EA,IMG_0227.JPG,1D6GCrgcICdv4ijM8cOsICgsFVZVcg6EA__IMG_0227.JPG,2025:11:13 21:52:25,4208,2368
1DBKUNVSGOi_YURQge44DJBKRPKduvcdJ,IMG_0023.JPG,1DBKUNVSGOi_YURQge44DJBKRPKduvcdJ__IMG_0023.JPG,2025:10:09 14:13:56,4208,2368
1DF623zpG_JrprdoJ8DsMDHjVxbph7vET,IMG_0075.JPG,1DF623zpG_JrprdoJ8DsMDHjVxbph7vET__IMG_0075.JPG,2025:10:18 22:38:02,4208,2368
1DJWOiBs5iBA5rl38vDAkr7CYFardNe2l,IMG_0230.JPG,1DJWOiBs5iBA5rl38vDAkr7CYFardNe2l__IMG_0230.JPG,2025:11:14 02:08:02,4208,2368
1DMbsKv-IhlwuCLW_9cUCP8dd0jHv1e0l,IMG_0140.JPG,1DMbsKv-IhlwuCLW_9cUCP8dd0jHv1e0l__IMG_0140.JPG,2025:11:01 16:13:33,4208,2368
1DQusFtV5yQJ0bJEx86N_cYkXH4SK_jJX,IMG_0093.JPG,1DQusFtV5yQJ0bJEx86N_cYkXH4SK_jJX__IMG_0093.JPG,2025:10:19 06:10:07,4208,2368
1DplVPyfvh4WXEXVy4ixSszJuGeSU69_P,IMG_0110.JPG,1DplVPyfvh4WXEXVy4ixSszJuGeSU69_P__IMG_0110.JPG,2025:10:25 03:07:38,4208,2368
1DtXbKTuT4c5_kCwtOyRG7hCRJWzao6bL,IMG_0257.JPG,1DtXbKTuT4c5_kCwtOyRG7hCRJWzao6bL__IMG_0257.JPG,2025:11:19 16:33:01,4208,2368
1DzsZ9hk6HC5g1qnA_vU5um9t0g_g-PT-,IMG_0276.JPG,1DzsZ9hk6HC5g1qnA_vU5um9t0g_g-PT-__IMG_0276.JPG,2025:11:22 18:29:57,4208,2368
1E0B3iWSIemDEhCFP_3hrx91BAcSdbnvi,IMG_0362.JPG,1E0B3iWSIemDEhCFP_3hrx91BAcSdbnvi__IMG_0362.JPG,2025:12:15 22:52:47,4208,2368
1EEt-l9y28x0KckzEdCWIkRtxJ3kVEL9r,IMG_0061.JPG,1EEt-l9y28x0KckzEdCWIkRtxJ3kVEL9r__IMG_0061.JPG,2025:10:17 07:00:28,4208,2368
1EO3CaWwmu1CSO46ulb1bfgZdlWvRwWsk,IMG_0361.JPG,1EO3CaWwmu1CSO46ulb1bfgZdlWvRwWsk__IMG_0361.JPG,2025:12:15 22:52:45,4208,2368
1EWMtUaN5S5gyNTTDuXfhrlVbKkw3dZ-b,IMG_0355.JPG,1EWMtUaN5S5gyNTTDuXfhrlVbKkw3dZ-b__IMG_0355.JPG,2025:12:14 22:56:22,4208,2368
1Eu8fAu66kq0nBNmSIYuz3yQzs6ZWWseM,IMG_0167.JPG,1Eu8fAu66kq0nBNmSIYuz3yQzs6ZWWseM__IMG_0167.JPG,2025:11:02 04:48:15,4208,2368
1EwwokOmKbQmL2uOU5_wcy76TPuMnBu3j,IMG_0064.JPG,1EwwokOmKbQmL2uOU5_wcy76TPuMnBu3j__IMG_0064.JPG,2025:10:17 18:57:10,4208,2368
1FPWH6zOfhYVYxnJOTpjYQdOQ51CCrcBm,IMG_0125.JPG,1FPWH6zOfhYVYxnJOTpjYQdOQ51CCrcBm__IMG_0125.JPG,2025:10:31 13:04:48,4208,2368
1FtiOcHPLjYFn9dM1-KYF0q4v9YhDvXHK,IMG_0323.JPG,1FtiOcHPLjYFn9dM1-KYF0q4v9YhDvXHK__IMG_0323.JPG,2025:12:06 10:05:37,4208,2368
1G0SxaAY6piD0uYre_Rg5Pz68qsCCMZP4,IMG_0001.JPG,1G0SxaAY6piD0uYre_Rg5Pz68qsCCMZP4__IMG_0001.JPG,2025:10:09 14:02:28,4208,2368
1G34lN-zW25NsjTbSy7GTLftqEFu5vdND,IMG_0289.JPG,1G34lN-zW25NsjTbSy7GTLftqEFu5vdND__IMG_0289.JPG,2025:11:24 19:43:23,4208,2368
1GJJNkSvAB-2fnXbbcqvV3cfQ13DNa-Mx,IMG_0095.JPG,1GJJNkSvAB-2fnXbbcqvV3cfQ13DNa-Mx__IMG_0095.JPG,2025:10:19 06:33:38,4208,2368
1GK9HRMzRhEgYSF6F28GuAtOZ2sCROJXi,IMG_0266.JPG,1GK9HRMzRhEgYSF6F28GuAtOZ2sCROJXi__IMG_0266.JPG,2025:11:21 10:08:12,4208,2368
1GQ35qtKNrGiAr3ZZpnZvKSwZ54XfjoHP,IMG_0010.JPG,1GQ35qtKNrGiAr3ZZpnZvKSwZ54XfjoHP__IMG_0010.JPG,2025:10:09 14:05:45,4208,2368
1Gqo-sxTpcxG_m0zQWsRLfoUi_qgPAOlK,IMG_0072.JPG,1Gqo-sxTpcxG_m0zQWsRLfoUi_qgPAOlK__IMG_0072.JPG,2025:10:18 22:36:52,4208,2368
1GwBMTvdQMQlu5bFOjL5n-6PNQFEariDA,IMG_0250.JPG,1GwBMTvdQMQlu5bFOjL5n-6PNQFEariDA__IMG_0250.JPG,2025:11:17 01:58:42,4208,2368
1HGR18EQbclCy0RB_jo9ON94xWLN6iEjx,IMG_0160.JPG,1HGR18EQbclCy0RB_jo9ON94xWLN6iEjx__IMG_0160.JPG,2025:11:02 04:45:55,4208,2368
1HPetrY5jGgcGIg8Cs0ADZAIpvJ01fi7d,IMG_0147.JPG,1HPetrY5jGgcGIg8Cs0ADZAIpvJ01fi7d__IMG_0147.JPG,2025:11:02 00:47:20,4208,2368
1HSO9cvQFRVeGzwXEt2bSF_17Ar9Gq0z7,IMG_0353.JPG,1HSO9cvQFRVeGzwXEt2bSF_17Ar9Gq0z7__IMG_0353.JPG,2025:12:14 09:20:45,4208,2368
1HhT5OWdYLwmaHrLeC5XFjLY1rjJ56c2c,IMG_0106.JPG,1HhT5OWdYLwmaHrLeC5XFjLY1rjJ56c2c__IMG_0106.JPG,2025:10:22 18:34:27,4208,2368
1Hl9AJbQ4sT7-q6hyYGbjswei2iiY2Knr,IMG_0218.JPG,1Hl9AJbQ4sT7-q6hyYGbjswei2iiY2Knr__IMG_0218.JPG,2025:11:12 19:21:29,4208,2368
1HmZ7kKsY7q7Cr6flYngqeruP2sYMch9w,IMG_0012.JPG,1HmZ7kKsY7q7Cr6flYngqeruP2sYMch9w__IMG_0012.JPG,2025:10:09 14:05:49,4208,2368
1HohWRvgYVLHLzPkPTV4-GD0LN4JrMtR8,IMG_0040.JPG,1HohWRvgYVLHLzPkPTV4-GD0LN4JrMtR8__IMG_0040.JPG,2025:10:14 11:56:27,4208,2368
1IGOaOJ7Yj4_-skwII0rI9O0xHtWmzqHU,IMG_0354.JPG,1IGOaOJ7Yj4_-skwII0rI9O0xHtWmzqHU__IMG_0354.JPG,2025:12:14 09:20:47,4208,2368
1IV3_UAVGpvml8DLKxnI9bGo9T-Pq8j-g,IMG_0244.JPG,1IV3_UAVGpvml8DLKxnI9bGo9T-Pq8j-g__IMG_0244.JPG,2025:11:16 21:10:18,4208,2368
1Ig1TD7fhmIKfPZg0NfR8yguvW-DQtsRA,IMG_0226.JPG,1Ig1TD7fhmIKfPZg0NfR8yguvW-DQtsRA__IMG_0226.JPG,2025:11:13 21:52:22,4208,2368
1Ig2gNEQBbGDOwO_1Ro2bQ664Oo-BBgcf,IMG_0352.JPG,1Ig2gNEQBbGDOwO_1Ro2bQ664Oo-BBgcf__IMG_0352.JPG,2025:12:14 09:20:43,4208,2368
1Ij5ZKEtU6kXyuy-sKfI2f6Fjru816WMX,IMG_0123.JPG,1Ij5ZKEtU6kXyuy-sKfI2f6Fjru816WMX__IMG_0123.JPG,2025:10:28 07:58:19,4208,2368
1IzFS_1ryTynkr2f9HYyPeFhCGS-Jcy72,IMG_0328.JPG,1IzFS_1ryTynkr2f9HYyPeFhCGS-Jcy72__IMG_0328.JPG,2025:12:09 21:58:45,4208,2368
1J9r3pQNtutyMH4T42FjuywZLbi-KtwKs,IMG_0286.JPG,1J9r3pQNtutyMH4T42FjuywZLbi-KtwKs__IMG_0286.JPG,2025:11:24 06:28:59,4208,2368
1JNQ71jHo6vAgXuY4aiVGsOfDZBiwUolJ,IMG_0076.JPG,1JNQ71jHo6vAgXuY4aiVGsOfDZBiwUolJ__IMG_0076.JPG,2025:10:18 22:39:02,4208,2368
1JQpdvIpcYxMOLHe0REc77SyaE-l-XoBI,IMG_0144.JPG,1JQpdvIpcYxMOLHe0REc77SyaE-l-XoBI__IMG_0144.JPG,2025:11:01 16:29:52,4208,2368
1JcaGieUekkXQ5vNDq2PgROm8BqfbGRNf,IMG_0136.JPG,1JcaGieUekkXQ5vNDq2PgROm8BqfbGRNf__IMG_0136.JPG,2025:11:01 04:22:26,4208,2368
1Jr7mHeyyj0JsL7Ri554tjUdLkooj2jFU,IMG_0168.JPG,1Jr7mHeyyj0JsL7Ri554tjUdLkooj2jFU__IMG_0168.JPG,2025:11:02 04:48:17,4208,2368
1JxjxHbeTf85GIjhGMPhoJuGzZNeaHKMs,IMG_0185.JPG,1JxjxHbeTf85GIjhGMPhoJuGzZNeaHKMs__IMG_0185.JPG,2025:11:05 06:51:17,4208,2368
1K1dGgpAcvB9kz4lvYjcDlhzXAbUpIMtm,IMG_0268.JPG,1K1dGgpAcvB9kz4lvYjcDlhzXAbUpIMtm__IMG_0268.JPG,2025:11:22 04:37:30,4208,2368
1KE-Mz5_nLcazkuVpZYtwdD3h3M_uVWoD,IMG_0252.JPG,1KE-Mz5_nLcazkuVpZYtwdD3h3M_uVWoD__IMG_0252.JPG,2025:11:17 01:58:46,4208,2368
1KGa6cz-iu2sUnMjSM9m8mZE_DwYS_aOH,IMG_0348.JPG,1KGa6cz-iu2sUnMjSM9m8mZE_DwYS_aOH__IMG_0348.JPG,2025:12:14 01:51:53,4208,2368
1KHaqCU-qaSZsv08vgrP6CZhQmh5tRYCp,IMG_0269.JPG,1KHaqCU-qaSZsv08vgrP6CZhQmh5tRYCp__IMG_0269.JPG,2025:11:22 04:37:32,4208,2368
1KIOlpgxaj_OWC7iGbmGkgA9lAZaCU9l1,IMG_0189.JPG,1KIOlpgxaj_OWC7iGbmGkgA9lAZaCU9l1__IMG_0189.JPG,2025:11:05 17:47:19,4208,2368
1KMtQpGDJLPrVKfknSksPvAL43gX2lJOv,IMG_0300.JPG,1KMtQpGDJLPrVKfknSksPvAL43gX2lJOv__IMG_0300.JPG,2025:11:27 05:21:50,4208,2368
1KtZE13NsOLvgbde6f38lxTkAWZyXuDTD,IMG_0161.JPG,1KtZE13NsOLvgbde6f38lxTkAWZyXuDTD__IMG_0161.JPG,2025:11:02 04:45:57,4208,2368
1L4WpV3g6THEFOiO-5URgustxaueUt9vV,IMG_0337.JPG,1L4WpV3g6THEFOiO-5URgustxaueUt9vV__IMG_0337.JPG,2025:12:11 14:46:48,4208,2368
1LDHtpmF0P6DhEbr-ZCieaiM8QGyqToNB,IMG_0103.JPG,1LDHtpmF0P6DhEbr-ZCieaiM8QGyqToNB__IMG_0103.JPG,2025:10:20 19:27:35,4208,2368
1LG0e8HBKLj5tI5iEHbrBTIrpLpV_zUYh,IMG_0128.JPG,1LG0e8HBKLj5tI5iEHbrBTIrpLpV_zUYh__IMG_0128.JPG,2025:10:31 17:39:41,4208,2368
1LGn3k5kAKQiTZvSdnYSXiSAg9tK_UH8A,IMG_0302.JPG,1LGn3k5kAKQiTZvSdnYSXiSAg9tK_UH8A__IMG_0302.JPG,2025:11:27 08:47:58,4208,2368
1LOBVgxGW4hD8mosaNVwO1MdXAYehr4ln,IMG_0301.JPG,1LOBVgxGW4hD8mosaNVwO1MdXAYehr4ln__IMG_0301.JPG,2025:11:27 08:47:56,4208,2368
1LdCz2EZsD9WfYnONa1S5ux3AIUe0OgnC,IMG_0009.JPG,1LdCz2EZsD9WfYnONa1S5ux3AIUe0OgnC__IMG_0009.JPG,2025:10:09 14:04:43,4208,2368
1LuXREgWb9LWnrzeOuKfDmdN--DYo1HQt,IMG_0077.JPG,1LuXREgWb9LWnrzeOuKfDmdN--DYo1HQt__IMG_0077.JPG,2025:10:18 22:39:05,4208,2368
1LxolrlOmpm6-Re1jP2IERuY4ATt_1OWG,IMG_0117.JPG,1LxolrlOmpm6-Re1jP2IERuY4ATt_1OWG__IMG_0117.JPG,2025:10:27 21:43:44,4208,2368
1MBwO-y52-I5pgVeP685iqSiQgVqbWfZp,IMG_0171.JPG,1MBwO-y52-I5pgVeP685iqSiQgVqbWfZp__IMG_0171.JPG,2025:11:02 10:30:11,4208,2368
1MFVkVOG7knLCM4jobUQLZzt3GQrBZokL,IMG_0036.JPG,1MFVkVOG7knLCM4jobUQLZzt3GQrBZokL__IMG_0036.JPG,2025:10:12 20:41:51,4208,2368
1MTGOgCsWfSYK-j3kVx0WB_BxTnd0h8P5,IMG_0022.JPG,1MTGOgCsWfSYK-j3kVx0WB_BxTnd0h8P5__IMG_0022.JPG,2025:10:09 14:13:53,4208,2368
1MZ-nNizWQK7wgATBD4b_ODmnVguM15pU,IMG_0157.JPG,1MZ-nNizWQK7wgATBD4b_ODmnVguM15pU__IMG_0157.JPG,2025:11:02 04:43:34,4208,2368
1MhHheyC4JLCKOOJPx0H5bOPhVwADQsMY,IMG_0108.JPG,1MhHheyC4JLCKOOJPx0H5bOPhVwADQsMY__IMG_0108.JPG,2025:10:22 18:34:32,4208,2368
1N8v7fnTBdJ8q-EdgiqzXUG4lCzVi4v6A,IMG_0198.JPG,1N8v7fnTBdJ8q-EdgiqzXUG4lCzVi4v6A__IMG_0198.JPG,2025:11:07 04:59:38,4208,2368
1NH8Turd8KArFm4rUPpG7Hcr1EFRWMJyz,IMG_0020.JPG,1NH8Turd8KArFm4rUPpG7Hcr1EFRWMJyz__IMG_0020.JPG,2025:10:09 14:12:50,4208,2368
1NWe2Mzsy1UIFcflnvy7ta4fem487YELE,IMG_0086.JPG,1NWe2Mzsy1UIFcflnvy7ta4fem487YELE__IMG_0086.JPG,2025:10:19 05:32:24,4208,2368
1NZOo5ffk7-8pomv_FhrvVu-FneuKkhEE,IMG_0172.JPG,1NZOo5ffk7-8pomv_FhrvVu-FneuKkhEE__IMG_0172.JPG,2025:11:02 10:31:30,4208,2368
1NnePHLjG6-f1RfKtgCSU3iTeXsSq7jCT,IMG_0120.JPG,1NnePHLjG6-f1RfKtgCSU3iTeXsSq7jCT__IMG_0120.JPG,2025:10:28 07:32:57,4208,2368
1NpQdjSbD-oEilVQKESw_jHA6zqaA2bW2,IMG_0334.JPG,1NpQdjSbD-oEilVQKESw_jHA6zqaA2bW2__IMG_0334.JPG,2025:12:10 10:51:25,4208,2368
1O7Vqno_d1-yp5CElaqvlFzAmhjJc-7Ri,IMG_0126.JPG,1O7Vqno_d1-yp5CElaqvlFzAmhjJc-7Ri__IMG_0126.JPG,2025:10:31 13:04:51,4208,2368
1OCJlvGxnaqiestSmhAi728S8Hl7WBksG,IMG_0210.JPG,1OCJlvGxnaqiestSmhAi728S8Hl7WBksG__IMG_0210.JPG,2025:11:09 14:23:54,4208,2368
1OK5J_WHNjHoD7QswoUURvuIcvu0hhneQ,IMG_0143.JPG,1OK5J_WHNjHoD7QswoUURvuIcvu0hhneQ__IMG_0143.JPG,2025:11:01 16:29:50,4208,2368
1OYNji,Jg-HVhQ4ntkILM_GJnkv8BhCt__IMG_0114.JPG,1OYNji__Jg-HVhQ4ntkILM_GJnkv8BhCt__IMG_0114.JPG,2025:10:27 02:49:08,4208,2368
1OaA_GbQO8ne2BcLA2fhizaLUiM8tGBVn,IMG_0262.JPG,1OaA_GbQO8ne2BcLA2fhizaLUiM8tGBVn__IMG_0262.JPG,2025:11:20 13:29:43,4208,2368
1Oi3704JuocLFnjZtjmesGxdpksEH2Ltv,IMG_0088.JPG,1Oi3704JuocLFnjZtjmesGxdpksEH2Ltv__IMG_0088.JPG,2025:10:19 05:38:50,4208,2368
1OpbK9zDp2byj3ki5XJOKULNSIo4IEI59,IMG_0341.JPG,1OpbK9zDp2byj3ki5XJOKULNSIo4IEI59__IMG_0341.JPG,2025:12:11 22:50:41,4208,2368
1Owy6LqZBdVqBkSGoXQZ2YM75kttOKacZ,IMG_0080.JPG,1Owy6LqZBdVqBkSGoXQZ2YM75kttOKacZ__IMG_0080.JPG,2025:10:18 22:41:09,4208,2368
1P-RgW1JOEpYygrdBLCixZdphnsMpuD7w,IMG_0149.JPG,1P-RgW1JOEpYygrdBLCixZdphnsMpuD7w__IMG_0149.JPG,2025:11:02 04:36:41,4208,2368
1P1YsJeVzlS1G5nMSLsI64Io7vyk0l5BH,IMG_0306.JPG,1P1YsJeVzlS1G5nMSLsI64Io7vyk0l5BH__IMG_0306.JPG,2025:11:28 03:48:36,4208,2368
1PA3ClLDmjo8BWuhXE90I7eHVLLwtPT9l,IMG_0059.JPG,1PA3ClLDmjo8BWuhXE90I7eHVLLwtPT9l__IMG_0059.JPG,2025:10:17 05:19:46,4208,2368
1Ppm03j9sc0hgz8ckaAFaVk8VAGnYk-Hi,IMG_0254.JPG,1Ppm03j9sc0hgz8ckaAFaVk8VAGnYk-Hi__IMG_0254.JPG,2025:11:17 01:59:56,4208,2368
1Pr0ghrG14ULtjufKZwQlQGnDKOoRBGvf,IMG_0039.JPG,1Pr0ghrG14ULtjufKZwQlQGnDKOoRBGvf__IMG_0039.JPG,2025:10:13 17:50:56,4208,2368
1Q-8XKlSki29-pqrErj5hZee1pgLjMvbV,IMG_0129.JPG,1Q-8XKlSki29-pqrErj5hZee1pgLjMvbV__IMG_0129.JPG,2025:10:31 17:39:43,4208,2368
1QGeD299R2JWEjk8HPm7P8paAfd-VoPLi,IMG_0047.JPG,1QGeD299R2JWEjk8HPm7P8paAfd-VoPLi__IMG_0047.JPG,2025:10:15 04:49:42,4208,2368
1QJJ1RJcNlB5RiWSJH7buZt0o_av_P60G,IMG_0212.JPG,1QJJ1RJcNlB5RiWSJH7buZt0o_av_P60G__IMG_0212.JPG,2025:11:11 05:28:45,4208,2368
1Q_evs1e1xWr1z4ZsDpDqoydiVoHZoTPx,IMG_0224.JPG,1Q_evs1e1xWr1z4ZsDpDqoydiVoHZoTPx__IMG_0224.JPG,2025:11:13 07:51:31,4208,2368
1QrFzEifxLs-Wt8eeWyr-tcEwtC7IhPhr,IMG_0183.JPG,1QrFzEifxLs-Wt8eeWyr-tcEwtC7IhPhr__IMG_0183.JPG,2025:11:05 04:48:43,4208,2368
1QvPLbxPTFuguyG6888036XSvsS7RKbc3,IMG_0078.JPG,1QvPLbxPTFuguyG6888036XSvsS7RKbc3__IMG_0078.JPG,2025:10:18 22:39:07,4208,2368
1QxONStlPkLd35_WfkA8H7hoehse5JI65,IMG_0181.JPG,1QxONStlPkLd35_WfkA8H7hoehse5JI65__IMG_0181.JPG,2025:11:05 04:48:38,4208,2368
1Qydsh7fpSSf4mwHpUEwnGFj4fUexv7te,IMG_0011.JPG,1Qydsh7fpSSf4mwHpUEwnGFj4fUexv7te__IMG_0011.JPG,2025:10:09 14:05:47,4208,2368
1R6kzONT0NAx3Oz1VK4o3WamfmgOSjGot,IMG_0130.JPG,1R6kzONT0NAx3Oz1VK4o3WamfmgOSjGot__IMG_0130.JPG,2025:11:01 00:16:11,4208,2368
1R9U89JxMmM0oOjO8ZlGBhGavHSpR6Ytp,IMG_0287.JPG,1R9U89JxMmM0oOjO8ZlGBhGavHSpR6Ytp__IMG_0287.JPG,2025:11:24 06:29:01,4208,2368
1RQEL6yQZPGf8jj_wCl52R6jL2XArRDNp,IMG_0038.JPG,1RQEL6yQZPGf8jj_wCl52R6jL2XArRDNp__IMG_0038.JPG,2025:10:13 17:50:53,4208,2368
1RYaMuIzgzMp919lOxld7UJPWUb-pMkr2,IMG_0318.JPG,1RYaMuIzgzMp919lOxld7UJPWUb-pMkr2__IMG_0318.JPG,2025:12:04 11:08:32,4208,2368
1RZ7e8xDj20gf-ToOeaYxsh7vjyF1sU0G,IMG_0305.JPG,1RZ7e8xDj20gf-ToOeaYxsh7vjyF1sU0G__IMG_0305.JPG,2025:11:28 03:48:34,4208,2368
1RaxI_mkAYm7qEsCaCgfqv3zFd5BOsU5N,IMG_0261.JPG,1RaxI_mkAYm7qEsCaCgfqv3zFd5BOsU5N__IMG_0261.JPG,2025:11:20 11:32:48,4208,2368
1RqGeksTQ7nkQdUYPWG_fN2-wSkWrgFOB,IMG_0299.JPG,1RqGeksTQ7nkQdUYPWG_fN2-wSkWrgFOB__IMG_0299.JPG,2025:11:27 05:21:48,4208,2368
1RrzILwdINQnVUx56Z-KWho4npvje-Le7,IMG_0223.JPG,1RrzILwdINQnVUx56Z-KWho4npvje-Le7__IMG_0223.JPG,2025:11:13 07:51:29,4208,2368
1SB5ALThLRsvl7v1Xlrlgbg_UJDKnEpwL,IMG_0363.JPG,1SB5ALThLRsvl7v1Xlrlgbg_UJDKnEpwL__IMG_0363.JPG,2025:12:15 22:52:49,4208,2368
1SJ5ZICEonv35FC26dpRIsXzGIcNykW_D,IMG_0121.JPG,1SJ5ZICEonv35FC26dpRIsXzGIcNykW_D__IMG_0121.JPG,2025:10:28 07:58:15,4208,2368
1SLCy1QShwa2LIvNOd6f3B_kz55W4QMSx,IMG_0316.JPG,1SLCy1QShwa2LIvNOd6f3B_kz55W4QMSx__IMG_0316.JPG,2025:12:04 11:08:28,4208,2368
1SN3eUVLpqbvOBf3WGrJYbEsfzYbwcwNS,IMG_0274.JPG,1SN3eUVLpqbvOBf3WGrJYbEsfzYbwcwNS__IMG_0274.JPG,2025:11:22 18:29:53,4208,2368
1SYcj2-nzMfbScpjUKDijMyuFhAF4CDlp,IMG_0131.JPG,1SYcj2-nzMfbScpjUKDijMyuFhAF4CDlp__IMG_0131.JPG,2025:11:01 00:16:14,4208,2368
1SZ5iGDJPLW3yQuhkA8R0Xz222pIyTdhT,IMG_0006.JPG,1SZ5iGDJPLW3yQuhkA8R0Xz222pIyTdhT__IMG_0006.JPG,2025:10:09 14:03:38,4208,2368
1S_ujicsjCYN68_S2tiitQM83gpzu4TGV,IMG_0317.JPG,1S_ujicsjCYN68_S2tiitQM83gpzu4TGV__IMG_0317.JPG,2025:12:04 11:08:30,4208,2368
1SgxcLxT9zJNHmRYv9xhK5rU7rlIA7hFS,IMG_0044.JPG,1SgxcLxT9zJNHmRYv9xhK5rU7rlIA7hFS__IMG_0044.JPG,2025:10:14 16:57:17,4208,2368
1SiKoYQ78gI6sV6xHqMjsFg2v00sq01O8,IMG_0201.JPG,1SiKoYQ78gI6sV6xHqMjsFg2v00sq01O8__IMG_0201.JPG,2025:11:07 12:49:43,4208,2368
1SznT38d_YfFLnOhp0_0JTVZem8bqiNQ4,IMG_0319.JPG,1SznT38d_YfFLnOhp0_0JTVZem8bqiNQ4__IMG_0319.JPG,2025:12:04 20:57:25,4208,2368
1T8gePWZDYmuCOhNQkm0XSxsm364m7inX,IMG_0065.JPG,1T8gePWZDYmuCOhNQkm0XSxsm364m7inX__IMG_0065.JPG,2025:10:17 18:57:12,4208,2368
1TWIBp_y84x1MxYjX-9z1WFGwfvCAwsUb,IMG_0206.JPG,1TWIBp_y84x1MxYjX-9z1WFGwfvCAwsUb__IMG_0206.JPG,2025:11:09 12:49:02,4208,2368
1TfBrDFQo-I50KIkBbV9RleyKctpEzGF7,IMG_0364.JPG,1TfBrDFQo-I50KIkBbV9RleyKctpEzGF7__IMG_0364.JPG,2025:12:16 11:58:11,4208,2368
1Tt3t5a_hs7yRWnOXEyMLxI40thtfu_UL,IMG_0309.JPG,1Tt3t5a_hs7yRWnOXEyMLxI40thtfu_UL__IMG_0309.JPG,2025:11:30 08:32:40,4208,2368
1Tucafq6betqa2akX3UhTv5kdSroi-D_C,IMG_0338.JPG,1Tucafq6betqa2akX3UhTv5kdSroi-D_C__IMG_0338.JPG,2025:12:11 14:46:50,4208,2368
1U3yvHWpPHzwSFdMmqL5Tz_db_qQVMPmS,IMG_0137.JPG,1U3yvHWpPHzwSFdMmqL5Tz_db_qQVMPmS__IMG_0137.JPG,2025:11:01 04:22:28,4208,2368
1U8UkmwILy0Jcc_06s-MQdKBXIqaoUo14,IMG_0344.JPG,1U8UkmwILy0Jcc_06s-MQdKBXIqaoUo14__IMG_0344.JPG,2025:12:13 23:45:20,4208,2368
1UDZirFHxKcqlP5PZM3gdp-YiWyhYn2Yg,IMG_0296.JPG,1UDZirFHxKcqlP5PZM3gdp-YiWyhYn2Yg__IMG_0296.JPG,2025:11:25 17:37:16,4208,2368
1UKAFdSeyxWS2gfGiisfnibvaGpI_BDgM,IMG_0297.JPG,1UKAFdSeyxWS2gfGiisfnibvaGpI_BDgM__IMG_0297.JPG,2025:11:25 17:37:19,4208,2368
1Ugp6NBNuozE5EpsRP3-UuqBLDJv594XW,IMG_0358.JPG,1Ugp6NBNuozE5EpsRP3-UuqBLDJv594XW__IMG_0358.JPG,2025:12:14 23:24:24,4208,2368
1UhYLrNY3P4AaXuFOCMSw5U5KnTd2d6b3,IMG_0199.JPG,1UhYLrNY3P4AaXuFOCMSw5U5KnTd2d6b3__IMG_0199.JPG,2025:11:07 12:49:38,4208,2368
1Ulq7vS15OFmNBXkotkBa9yngBHkOb_dq,IMG_0195.JPG,1Ulq7vS15OFmNBXkotkBa9yngBHkOb_dq__IMG_0195.JPG,2025:11:06 01:22:51,4208,2368
1UnmuFyx10J257amgeANQJDMp1Ls47fSC,IMG_0342.JPG,1UnmuFyx10J257amgeANQJDMp1Ls47fSC__IMG_0342.JPG,2025:12:11 22:50:43,4208,2368
1UudJEZ3etPlGSJGLaDfjj9DLVpzbmFJa,IMG_0235.JPG,1UudJEZ3etPlGSJGLaDfjj9DLVpzbmFJa__IMG_0235.JPG,2025:11:15 14:11:16,4208,2368
1UxbKKtSAFagM41hlCty2jN8CXQl6squc,IMG_0135.JPG,1UxbKKtSAFagM41hlCty2jN8CXQl6squc__IMG_0135.JPG,2025:11:01 01:13:13,4208,2368
1V8ECtUTa5dm_I0ea8I-Ove3s8gHC2ASQ,IMG_0032.JPG,1V8ECtUTa5dm_I0ea8I-Ove3s8gHC2ASQ__IMG_0032.JPG,2025:10:12 16:04:25,4208,2368
1V8HoikRnOO2fJvzSnuh9iFg0RQFoi41P,IMG_0232.JPG,1V8HoikRnOO2fJvzSnuh9iFg0RQFoi41P__IMG_0232.JPG,2025:11:15 12:01:18,4208,2368
1VEhovJ5mQnG-LvtxlXQO9il7BCbu6IUY,IMG_0083.JPG,1VEhovJ5mQnG-LvtxlXQO9il7BCbu6IUY__IMG_0083.JPG,2025:10:19 05:10:47,4208,2368
1VNgnEziJZ5L5l60M8ox54iPILJ1iWbga,IMG_0176.JPG,1VNgnEziJZ5L5l60M8ox54iPILJ1iWbga__IMG_0176.JPG,2025:11:03 07:12:27,4208,2368
1VXfftHvk0cjWRlbgxI4GvUG_Aty8W7T2,IMG_0097.JPG,1VXfftHvk0cjWRlbgxI4GvUG_Aty8W7T2__IMG_0097.JPG,2025:10:19 13:32:48,4208,2368
1Vc7eTiXDqKuhm8OxHdKPjzmtn4X5NHt7,IMG_0151.JPG,1Vc7eTiXDqKuhm8OxHdKPjzmtn4X5NHt7__IMG_0151.JPG,2025:11:02 04:38:07,4208,2368
1VdfsZ9DfdZqdZp86Ms2aJjpH6P1tVgNm,IMG_0182.JPG,1VdfsZ9DfdZqdZp86Ms2aJjpH6P1tVgNm__IMG_0182.JPG,2025:11:05 04:48:41,4208,2368
1ViVPK8p4npyFUV5VIIGH3_OJy3-zpPQv,IMG_0188.JPG,1ViVPK8p4npyFUV5VIIGH3_OJy3-zpPQv__IMG_0188.JPG,2025:11:05 17:47:17,4208,2368
1VkH6SJwplFzIMKw7hKYlt-zZgojEhWEY,IMG_0192.JPG,1VkH6SJwplFzIMKw7hKYlt-zZgojEhWEY__IMG_0192.JPG,2025:11:06 01:12:16,4208,2368
1VxiWxh2PdQNDbjKx85OJEiVaL2yh8Efr,IMG_0193.JPG,1VxiWxh2PdQNDbjKx85OJEiVaL2yh8Efr__IMG_0193.JPG,2025:11:06 01:22:46,4208,2368
1WCFjSzFfDKf2tihvOTR4QuQCnKa7dZU4,IMG_0256.JPG,1WCFjSzFfDKf2tihvOTR4QuQCnKa7dZU4__IMG_0256.JPG,2025:11:19 16:32:59,4208,2368
1WMl6u0Acb1xw95TCJUPBdRFpBJBHLPro,IMG_0060.JPG,1WMl6u0Acb1xw95TCJUPBdRFpBJBHLPro__IMG_0060.JPG,2025:10:17 05:19:49,4208,2368
1WPz1eKYHb3a1LKrCX_elq1j02dZoKz3o,IMG_0159.JPG,1WPz1eKYHb3a1LKrCX_elq1j02dZoKz3o__IMG_0159.JPG,2025:11:02 04:43:39,4208,2368
1WcQAypkNFYPnYzWEeYliHD8Gxs9iIjxY,IMG_0228.JPG,1WcQAypkNFYPnYzWEeYliHD8Gxs9iIjxY__IMG_0228.JPG,2025:11:13 21:52:27,4208,2368
1WoQAaoatZztI8ergS4C9BXZRVWcx_Soi,IMG_0336.JPG,1WoQAaoatZztI8ergS4C9BXZRVWcx_Soi__IMG_0336.JPG,2025:12:10 10:51:30,4208,2368
1Wu9pA6GK-lnbcdxqczMNw1Rqqozb2DGI,IMG_0090.JPG,1Wu9pA6GK-lnbcdxqczMNw1Rqqozb2DGI__IMG_0090.JPG,2025:10:19 05:38:55,4208,2368
1XBjmt0abfBTiwKTayAVEziPvbcDmHmIJ,IMG_0025.JPG,1XBjmt0abfBTiwKTayAVEziPvbcDmHmIJ__IMG_0025.JPG,2025:10:10 03:47:22,4208,2368
1XK9kTRvZP36HJoWVlJbiSUVrGZbtwicA,IMG_0186.JPG,1XK9kTRvZP36HJoWVlJbiSUVrGZbtwicA__IMG_0186.JPG,2025:11:05 06:51:19,4208,2368
1XaXoOIJXRwPeSWz1bMjIsDpreWTbv2PH,IMG_0191.JPG,1XaXoOIJXRwPeSWz1bMjIsDpreWTbv2PH__IMG_0191.JPG,2025:11:06 01:12:14,4208,2368
1XyAOjP0uhrn7BSoLTyR6LL3u5NGcBaLS,IMG_0053.JPG,1XyAOjP0uhrn7BSoLTyR6LL3u5NGcBaLS__IMG_0053.JPG,2025:10:16 03:57:20,4208,2368
1YNys7CAOcdepkdNHMoxsnddYWKi6c1Jw,IMG_0260.JPG,1YNys7CAOcdepkdNHMoxsnddYWKi6c1Jw__IMG_0260.JPG,2025:11:20 11:32:46,4208,2368
1YkZeNi0JbSrtjUbt18pOjn2WMrFAT9Ic,IMG_0099.JPG,1YkZeNi0JbSrtjUbt18pOjn2WMrFAT9Ic__IMG_0099.JPG,2025:10:19 13:32:53,4208,2368
1Yy4Z0mdfJZQ380JAz3Uf8i2L3IU3RtcO,IMG_0145.JPG,1Yy4Z0mdfJZQ380JAz3Uf8i2L3IU3RtcO__IMG_0145.JPG,2025:11:02 00:47:15,4208,2368
1YyBGeHu2nZy-093CS6BkrJQ-1NnRqAkc,IMG_0196.JPG,1YyBGeHu2nZy-093CS6BkrJQ-1NnRqAkc__IMG_0196.JPG,2025:11:07 04:59:34,4208,2368
1Z4R-JkdiaS9mbLMg_JnMeSsldTvlAsT,_IMG_0016.JPG,1Z4R-JkdiaS9mbLMg_JnMeSsldTvlAsT___IMG_0016.JPG,2025:10:09 14:11:43,4208,2368
1ZFSxLLRAqe2KkAlGIN-GtE97OeI-fZfq,IMG_0082.JPG,1ZFSxLLRAqe2KkAlGIN-GtE97OeI-fZfq__IMG_0082.JPG,2025:10:19 05:10:45,4208,2368
1ZHPMYMuuIL9hjrgUSVXUCDlh4Q4Z3CnZ,IMG_0024.JPG,1ZHPMYMuuIL9hjrgUSVXUCDlh4Q4Z3CnZ__IMG_0024.JPG,2025:10:09 14:13:58,4208,2368
1Zk_blWUmFsut58N_rtpXfQOwdPBUuZ11,IMG_0285.JPG,1Zk_blWUmFsut58N_rtpXfQOwdPBUuZ11__IMG_0285.JPG,2025:11:24 05:19:08,4208,2368
1_XMcy0BVQ0_Z7kx3kt2rUxsKS5PSQzZ6,IMG_0007.JPG,1_XMcy0BVQ0_Z7kx3kt2rUxsKS5PSQzZ6__IMG_0007.JPG,2025:10:09 14:04:39,4208,2368
1a79q8BS3xpuTOZIBRmwOXZZdzEMWihVt,IMG_0366.JPG,1a79q8BS3xpuTOZIBRmwOXZZdzEMWihVt__IMG_0366.JPG,2025:12:16 11:58:16,4208,2368
1aAVw5hrcOkhjTg9fCOFgczAIioV65J61,IMG_0343.JPG,1aAVw5hrcOkhjTg9fCOFgczAIioV65J61__IMG_0343.JPG,2025:12:13 23:45:17,4208,2368
1aKCMu8PJfGsYA0mrB1OhZ4E5xc0s7j4g,IMG_0111.JPG,1aKCMu8PJfGsYA0mrB1OhZ4E5xc0s7j4g__IMG_0111.JPG,2025:10:25 03:07:40,4208,2368
1aOAAYERFSuNrd49Bdjb3BaPVO1jwnbiP,IMG_0209.JPG,1aOAAYERFSuNrd49Bdjb3BaPVO1jwnbiP__IMG_0209.JPG,2025:11:09 14:23:52,4208,2368
1aPxpIdlEN2hcB3CFlaQMaFTk0_g7padq,IMG_0216.JPG,1aPxpIdlEN2hcB3CFlaQMaFTk0_g7padq__IMG_0216.JPG,2025:11:12 03:44:15,4208,2368
1aT3r3kxZ98TEo0iKl6SfBBaMlgsVeDFG,IMG_0164.JPG,1aT3r3kxZ98TEo0iKl6SfBBaMlgsVeDFG__IMG_0164.JPG,2025:11:02 04:47:06,4208,2368
1aaFuCFMDAQ-LJ1D8YqJuGhwz96sbrUIW,IMG_0037.JPG,1aaFuCFMDAQ-LJ1D8YqJuGhwz96sbrUIW__IMG_0037.JPG,2025:10:13 17:50:51,4208,2368
1akMM9Va6414UPsu9W1EjLeG2IcexnJAw,IMG_0231.JPG,1akMM9Va6414UPsu9W1EjLeG2IcexnJAw__IMG_0231.JPG,2025:11:14 02:08:04,4208,2368
1atWqICyp-eZJSA3ARechZqzTTDpFiURh,IMG_0202.JPG,1atWqICyp-eZJSA3ARechZqzTTDpFiURh__IMG_0202.JPG,2025:11:07 12:50:43,4208,2368
1axAl5PzfYLt3v79aa5xX93I2IiJOqZwH,IMG_0308.JPG,1axAl5PzfYLt3v79aa5xX93I2IiJOqZwH__IMG_0308.JPG,2025:11:30 08:32:38,4208,2368
1b0DUH_Y9gORurpmZmgzTos5qXaAgjVfu,IMG_0312.JPG,1b0DUH_Y9gORurpmZmgzTos5qXaAgjVfu__IMG_0312.JPG,2025:11:30 22:33:46,4208,2368
1bBJyUihbSJWxKgCKuHQxSyrqFC-8g8EZ,IMG_0087.JPG,1bBJyUihbSJWxKgCKuHQxSyrqFC-8g8EZ__IMG_0087.JPG,2025:10:19 05:32:26,4208,2368
1bCmTiQBwtraOooAwVRAixNIFLrYRGBYO,IMG_0068.JPG,1bCmTiQBwtraOooAwVRAixNIFLrYRGBYO__IMG_0068.JPG,2025:10:18 08:56:56,4208,2368
1bMUrNFtlHY1S5GQe2rYHTjTQySjsbTAZ,IMG_0074.JPG,1bMUrNFtlHY1S5GQe2rYHTjTQySjsbTAZ__IMG_0074.JPG,2025:10:18 22:38:00,4208,2368
1bTYhFY68S8lIBIlWGxSXoWVdHjGYXF_p,IMG_0242.JPG,1bTYhFY68S8lIBIlWGxSXoWVdHjGYXF_p__IMG_0242.JPG,2025:11:16 17:47:54,4208,2368
1bWK--zai4_eEwAoTVNvPHYLwJC9txgxO,IMG_0197.JPG,1bWK--zai4_eEwAoTVNvPHYLwJC9txgxO__IMG_0197.JPG,2025:11:07 04:59:36,4208,2368
1bWicYzME11tdwvDXPQDQU3yhE_0SI7kb,IMG_0246.JPG,1bWicYzME11tdwvDXPQDQU3yhE_0SI7kb__IMG_0246.JPG,2025:11:16 21:10:22,4208,2368
1clyK0e9MgddZLq4hpHIhdP8f8etyKugh,IMG_0166.JPG,1clyK0e9MgddZLq4hpHIhdP8f8etyKugh__IMG_0166.JPG,2025:11:02 04:48:13,4208,2368
1cn3n34LBrdVQriO8raET7mJty22ie7AW,IMG_0359.JPG,1cn3n34LBrdVQriO8raET7mJty22ie7AW__IMG_0359.JPG,2025:12:14 23:24:26,4208,2368
1cpCcyRtx5aUsXvnGNeOG9EOvm1ygDnP-,IMG_0313.JPG,1cpCcyRtx5aUsXvnGNeOG9EOvm1ygDnP-__IMG_0313.JPG,2025:12:03 22:54:44,4208,2368
1cq4Qvw6o0GPVniWvzS6gZ9boEXmZ-CU3,IMG_0100.JPG,1cq4Qvw6o0GPVniWvzS6gZ9boEXmZ-CU3__IMG_0100.JPG,2025:10:20 02:06:07,4208,2368
1cql63PQ4sPM1gPs60KrlY1me2szwkOxy,IMG_0062.JPG,1cql63PQ4sPM1gPs60KrlY1me2szwkOxy__IMG_0062.JPG,2025:10:17 07:00:30,4208,2368
1cz0Kkai018AhZF2EZGv0ZyPA6zmPCLbp,IMG_0158.JPG,1cz0Kkai018AhZF2EZGv0ZyPA6zmPCLbp__IMG_0158.JPG,2025:11:02 04:43:37,4208,2368
1dAsdaevrRs6zZvTcFgo0JDjAfOMHe9qr,IMG_0096.JPG,1dAsdaevrRs6zZvTcFgo0JDjAfOMHe9qr__IMG_0096.JPG,2025:10:19 06:33:40,4208,2368
1dDGltZCj_rqRIK0LQ0Lp_-XHQXnL5laR,IMG_0214.JPG,1dDGltZCj_rqRIK0LQ0Lp_-XHQXnL5laR__IMG_0214.JPG,2025:11:12 03:44:11,4208,2368
1dKiISZttJU0IbofrpHWz1QKwmMtm2QAA,IMG_0017.JPG,1dKiISZttJU0IbofrpHWz1QKwmMtm2QAA__IMG_0017.JPG,2025:10:09 14:11:45,4208,2368
1dUoD5DQ0UsllLuin2ZqczhBIyrrl867j,IMG_0170.JPG,1dUoD5DQ0UsllLuin2ZqczhBIyrrl867j__IMG_0170.JPG,2025:11:02 10:30:09,4208,2368
1dpJbX7uI0wCQasdY7S0eKpYY_2NpnzCu,IMG_0241.JPG,1dpJbX7uI0wCQasdY7S0eKpYY_2NpnzCu__IMG_0241.JPG,2025:11:16 17:47:52,4208,2368
1e7A2khTIvd_eOz5O_rYAD_C_PrmrmdHv,IMG_0271.JPG,1e7A2khTIvd_eOz5O_rYAD_C_PrmrmdHv__IMG_0271.JPG,2025:11:22 18:01:38,4208,2368
1eBLJpf-_C25WbuXvvoFmfEiFwuercnej,IMG_0220.JPG,1eBLJpf-_C25WbuXvvoFmfEiFwuercnej__IMG_0220.JPG,2025:11:13 07:50:03,4208,2368
1eNnsUVi3WVUnAfOdqLpMwSym93HEc9FF,IMG_0079.JPG,1eNnsUVi3WVUnAfOdqLpMwSym93HEc9FF__IMG_0079.JPG,2025:10:18 22:41:07,4208,2368
1eQVJe77XXjlMKgVR_VNGybEqNXppWuvb,IMG_0351.JPG,1eQVJe77XXjlMKgVR_VNGybEqNXppWuvb__IMG_0351.JPG,2025:12:14 07:15:58,4208,2368
1eRj15r-GnAioh1wstXgeluO9Ecaimplo,IMG_0046.JPG,1eRj15r-GnAioh1wstXgeluO9Ecaimplo__IMG_0046.JPG,2025:10:15 04:49:40,4208,2368
1eVtkiLQR5ndvO93GXcX9uG8fkcVwbN6K,IMG_0310.JPG,1eVtkiLQR5ndvO93GXcX9uG8fkcVwbN6K__IMG_0310.JPG,2025:11:30 22:33:41,4208,2368
1eeZuY2nZgwPuHxa7K5YLCwlQeNEeaD5s,IMG_0265.JPG,1eeZuY2nZgwPuHxa7K5YLCwlQeNEeaD5s__IMG_0265.JPG,2025:11:21 10:08:10,4208,2368
1eke-g_Kzb4DDn7NjjdKAJtpVK2S3mZQG,IMG_0041.JPG,1eke-g_Kzb4DDn7NjjdKAJtpVK2S3mZQG__IMG_0041.JPG,2025:10:14 11:56:30,4208,2368
1fEHHC3PdWs0PTMooVK02TF6skYLKrIcV,IMG_0333.JPG,1fEHHC3PdWs0PTMooVK02TF6skYLKrIcV__IMG_0333.JPG,2025:12:10 01:18:57,4208,2368
1fte72ee6gSfOKV2Frtt849jlxnfIsVAE,IMG_0132.JPG,1fte72ee6gSfOKV2Frtt849jlxnfIsVAE__IMG_0132.JPG,2025:11:01 00:16:16,4208,2368
1fy54DuPwrJ4QAsm-IPQCzs3S9_yRWTGO,IMG_0332.JPG,1fy54DuPwrJ4QAsm-IPQCzs3S9_yRWTGO__IMG_0332.JPG,2025:12:10 01:18:54,4208,2368
1fyzWSMIHM0T32WMYg_FGmaOr1hbxIeLm,IMG_0281.JPG,1fyzWSMIHM0T32WMYg_FGmaOr1hbxIeLm__IMG_0281.JPG,2025:11:23 03:00:12,4208,2368
1g6tLIyTmZ9XOpI_HEyym6lY2mlL1LYmY,IMG_0115.JPG,1g6tLIyTmZ9XOpI_HEyym6lY2mlL1LYmY__IMG_0115.JPG,2025:10:27 21:43:39,4208,2368
1gMhF0LMCcx40sn_X1dqAw6Cy8NvGQk5z,IMG_0043.JPG,1gMhF0LMCcx40sn_X1dqAw6Cy8NvGQk5z__IMG_0043.JPG,2025:10:14 16:57:14,4208,2368
1gNXt0auDrGONbaFHKicdY7p1H9NcHT8P,IMG_0105.JPG,1gNXt0auDrGONbaFHKicdY7p1H9NcHT8P__IMG_0105.JPG,2025:10:20 19:27:39,4208,2368
1gQYtKBZFwi2UM_Ys3INtDgnb0VDyvLZv,IMG_0277.JPG,1gQYtKBZFwi2UM_Ys3INtDgnb0VDyvLZv__IMG_0277.JPG,2025:11:22 18:54:48,4208,2368
1gRMWWKhkOlvQebyWvvEbpCiTCV263Hcx,IMG_0258.JPG,1gRMWWKhkOlvQebyWvvEbpCiTCV263Hcx__IMG_0258.JPG,2025:11:19 16:33:03,4208,2368
1gYieMhqEsW8RwIydQEQuHEVm5VYZnst9,IMG_0221.JPG,1gYieMhqEsW8RwIydQEQuHEVm5VYZnst9__IMG_0221.JPG,2025:11:13 07:50:05,4208,2368
1gscohPystIfqhKmAHmz6kI1dEJ4Hpoyl,IMG_0283.JPG,1gscohPystIfqhKmAHmz6kI1dEJ4Hpoyl__IMG_0283.JPG,2025:11:24 05:19:04,4208,2368
1gyihHqjwtHE67RlmhgXoxoSGLUlx9K4W,IMG_0327.JPG,1gyihHqjwtHE67RlmhgXoxoSGLUlx9K4W__IMG_0327.JPG,2025:12:08 09:59:15,4208,2368
1h4Kpq5JT6go-IYBDkTwTDH4FZY-ChMYS,IMG_0251.JPG,1h4Kpq5JT6go-IYBDkTwTDH4FZY-ChMYS__IMG_0251.JPG,2025:11:17 01:58:44,4208,2368
1hBCLgvJyMjP7wNKo5gfvn4r0zaL4djW,_IMG_0217.JPG,1hBCLgvJyMjP7wNKo5gfvn4r0zaL4djW___IMG_0217.JPG,2025:11:12 19:21:27,4208,2368
1hCTuUnKaZV0exBSQjMQ5TiM76wY9t0HO,IMG_0331.JPG,1hCTuUnKaZV0exBSQjMQ5TiM76wY9t0HO__IMG_0331.JPG,2025:12:10 01:18:52,4208,2368
1hCbTFwyscR_zVFssOlTqbrsX5RVi9Q9J,IMG_0027.JPG,1hCbTFwyscR_zVFssOlTqbrsX5RVi9Q9J__IMG_0027.JPG,2025:10:10 03:47:26,4208,2368
1hdMLdTYnoL_OJrUevwo4fG5Dq2Vc_P3A,IMG_0325.JPG,1hdMLdTYnoL_OJrUevwo4fG5Dq2Vc_P3A__IMG_0325.JPG,2025:12:08 09:59:11,4208,2368
1hrxOZdN4h7G9mAXkzNrzoDYC3ZBJWvg7,IMG_0239.JPG,1hrxOZdN4h7G9mAXkzNrzoDYC3ZBJWvg7__IMG_0239.JPG,2025:11:16 06:31:22,4208,2368
1i3yNycCqbCKiEHsSzui-Ep_dWfnbNxzS,IMG_0150.JPG,1i3yNycCqbCKiEHsSzui-Ep_dWfnbNxzS__IMG_0150.JPG,2025:11:02 04:36:43,4208,2368
1i4dyQYohNv0mwEnO-bsFhk-Gg9uxg2lt,IMG_0315.JPG,1i4dyQYohNv0mwEnO-bsFhk-Gg9uxg2lt__IMG_0315.JPG,2025:12:03 22:54:49,4208,2368
1igixc0J0c6p-4SKKaib5LqsPsqRlOOJk,IMG_0109.JPG,1igixc0J0c6p-4SKKaib5LqsPsqRlOOJk__IMG_0109.JPG,2025:10:25 03:07:36,4208,2368
1ih49g3O-ulnCry3tukU6AVfNNa9yKizh,IMG_0190.JPG,1ih49g3O-ulnCry3tukU6AVfNNa9yKizh__IMG_0190.JPG,2025:11:06 01:12:12,4208,2368
1itc3JmEvSTKxlH6GwZas-WNwnAW5KjLd,IMG_0152.JPG,1itc3JmEvSTKxlH6GwZas-WNwnAW5KjLd__IMG_0152.JPG,2025:11:02 04:38:09,4208,2368
1jXx3z8HNnhvQ5yPtKSmQOTYCxE_7z1S0,IMG_0311.JPG,1jXx3z8HNnhvQ5yPtKSmQOTYCxE_7z1S0__IMG_0311.JPG,2025:11:30 22:33:44,4208,2368
1jv9jTuEDLXE7W-PHu8K9hkmmhUE0buXy,IMG_0107.JPG,1jv9jTuEDLXE7W-PHu8K9hkmmhUE0buXy__IMG_0107.JPG,2025:10:22 18:34:30,4208,2368
1k4S6gIBnzwmGXX9dMfz7XTjjvROUlgad,IMG_0247.JPG,1k4S6gIBnzwmGXX9dMfz7XTjjvROUlgad__IMG_0247.JPG,2025:11:17 01:38:21,4208,2368
1k6HCqzVzZNfWtJYSaQnGqUoh4BaMgxVr,IMG_0054.JPG,1k6HCqzVzZNfWtJYSaQnGqUoh4BaMgxVr__IMG_0054.JPG,2025:10:16 03:57:23,4208,2368
1kHdfs1BBRExRp2t1QiWj8ZR8KxWWMut6,IMG_0255.JPG,1kHdfs1BBRExRp2t1QiWj8ZR8KxWWMut6__IMG_0255.JPG,2025:11:17 01:59:58,4208,2368
1kHsoPMcJ7g7E-COL5Kh5tunAPvI3VKq5,IMG_0284.JPG,1kHsoPMcJ7g7E-COL5Kh5tunAPvI3VKq5__IMG_0284.JPG,2025:11:24 05:19:06,4208,2368
1kK_F7vsOmQfIfBZjfD6I_ptOqJPBkKVS,IMG_0089.JPG,1kK_F7vsOmQfIfBZjfD6I_ptOqJPBkKVS__IMG_0089.JPG,2025:10:19 05:38:52,4208,2368
1kKyNohE_Eh23K0Wovzq4dzr2o_rGE1WG,IMG_0322.JPG,1kKyNohE_Eh23K0Wovzq4dzr2o_rGE1WG__IMG_0322.JPG,2025:12:06 10:05:34,4208,2368
1kQq2ujUvf0AiZ6M2ACI6iYDv4YOwwHB,_IMG_0360.JPG,1kQq2ujUvf0AiZ6M2ACI6iYDv4YOwwHB___IMG_0360.JPG,2025:12:14 23:24:28,4208,2368
1koKFn5019chhok4gdqhbUQAGHBvjc1L7,IMG_0118.JPG,1koKFn5019chhok4gdqhbUQAGHBvjc1L7__IMG_0118.JPG,2025:10:28 07:32:53,4208,2368
1kwpNKke93IsPmIGtEsV2nk1IRtItTTl2,IMG_0116.JPG,1kwpNKke93IsPmIGtEsV2nk1IRtItTTl2__IMG_0116.JPG,2025:10:27 21:43:42,4208,2368
1lGwl1VoOQRHx0V7EVOa2oe8wV3aKBNpC,IMG_0014.JPG,1lGwl1VoOQRHx0V7EVOa2oe8wV3aKBNpC__IMG_0014.JPG,2025:10:09 14:10:40,4208,2368
1lS31PZY5kRgX4DsBnrEGFxEK75thJB3R,IMG_0225.JPG,1lS31PZY5kRgX4DsBnrEGFxEK75thJB3R__IMG_0225.JPG,2025:11:13 07:51:33,4208,2368
1l_FdwjueMgKrgkJn1sOSgGSMe802TFC8,IMG_0002.JPG,1l_FdwjueMgKrgkJn1sOSgGSMe802TFC8__IMG_0002.JPG,2025:10:09 14:02:31,4208,2368
1lrGawtcKY9H3KUzq2VqntvLn_wlgA3F5,IMG_0259.JPG,1lrGawtcKY9H3KUzq2VqntvLn_wlgA3F5__IMG_0259.JPG,2025:11:20 11:32:43,4208,2368
1lyLnzqJ4nahqPV8_6jW397brHXnxICue,IMG_0203.JPG,1lyLnzqJ4nahqPV8_6jW397brHXnxICue__IMG_0203.JPG,2025:11:07 12:50:46,4208,2368
1mIZyvNLviImYr98jpLJOJZo6bzTX6YB6,IMG_0081.JPG,1mIZyvNLviImYr98jpLJOJZo6bzTX6YB6__IMG_0081.JPG,2025:10:18 22:41:12,4208,2368
1mJkGw8rLnIPqu0hp7H2oOj8jZu9QXhdV,IMG_0085.JPG,1mJkGw8rLnIPqu0hp7H2oOj8jZu9QXhdV__IMG_0085.JPG,2025:10:19 05:32:22,4208,2368
1mKOPnBm1iS5qICsj6TSfnoXxJBaExy-z,IMG_0282.JPG,1mKOPnBm1iS5qICsj6TSfnoXxJBaExy-z__IMG_0282.JPG,2025:11:23 03:00:14,4208,2368
1mKOuK2bfQrIZ2ohDPAlh69fyMwnjO-ZF,IMG_0278.JPG,1mKOuK2bfQrIZ2ohDPAlh69fyMwnjO-ZF__IMG_0278.JPG,2025:11:22 18:54:50,4208,2368
1mTpM7CK4l22fgOyT1Dp1oWnWCFexsXmf,IMG_0142.JPG,1mTpM7CK4l22fgOyT1Dp1oWnWCFexsXmf__IMG_0142.JPG,2025:11:01 16:29:48,4208,2368
1mYOaOKGn7-4vfyFS183UhZXjvfCSpVcM,IMG_0003.JPG,1mYOaOKGn7-4vfyFS183UhZXjvfCSpVcM__IMG_0003.JPG,2025:10:09 14:02:33,4208,2368
1mvosTXRkm8lxUBS8elHPTIhSbYVhmryd,IMG_0249.JPG,1mvosTXRkm8lxUBS8elHPTIhSbYVhmryd__IMG_0249.JPG,2025:11:17 01:38:26,4208,2368
1mya6hfco3G922cSk9pQN8g21wD0tYdLt,IMG_0233.JPG,1mya6hfco3G922cSk9pQN8g21wD0tYdLt__IMG_0233.JPG,2025:11:15 12:01:20,4208,2368
1nChBmemHbCsrYdY90SQTb7dIQBTK-uRW,IMG_0084.JPG,1nChBmemHbCsrYdY90SQTb7dIQBTK-uRW__IMG_0084.JPG,2025:10:19 05:10:49,4208,2368
1nJXoOrE1LO_IogsuY5Nh1yOwanqwHmqM,IMG_0303.JPG,1nJXoOrE1LO_IogsuY5Nh1yOwanqwHmqM__IMG_0303.JPG,2025:11:27 08:48:01,4208,2368
1n_I7BKQxaIMZbNSbdblxdgF7Qv52Jf-T,IMG_0180.JPG,1n_I7BKQxaIMZbNSbdblxdgF7Qv52Jf-T__IMG_0180.JPG,2025:11:04 16:30:49,4208,2368
1nfF6lNir6EeJ6uYv-1IT9VnmbhEYyMum,IMG_0070.JPG,1nfF6lNir6EeJ6uYv-1IT9VnmbhEYyMum__IMG_0070.JPG,2025:10:18 22:36:48,4208,2368
1nhppzRXBR39phUeNbji8qWdmGH_HVc9h,IMG_0175.JPG,1nhppzRXBR39phUeNbji8qWdmGH_HVc9h__IMG_0175.JPG,2025:11:03 07:12:25,4208,2368
1nn8xDxyWpwHdsPugAIf9EYP5K7vjzF3v,IMG_0290.JPG,1nn8xDxyWpwHdsPugAIf9EYP5K7vjzF3v__IMG_0290.JPG,2025:11:24 19:43:25,4208,2368
1o1ahLX0v_24FPEE-Nd7X7QTQgJbKdJeS,IMG_0148.JPG,1o1ahLX0v_24FPEE-Nd7X7QTQgJbKdJeS__IMG_0148.JPG,2025:11:02 04:36:39,4208,2368
1oS9dNHhSXsetfeHUbtJxJ0J2gzhAxCnc,IMG_0154.JPG,1oS9dNHhSXsetfeHUbtJxJ0J2gzhAxCnc__IMG_0154.JPG,2025:11:02 04:39:18,4208,2368
1oXrctqjLCZkz0sEnVJLL8nd6l43GW4Tj,IMG_0015.JPG,1oXrctqjLCZkz0sEnVJLL8nd6l43GW4Tj__IMG_0015.JPG,2025:10:09 14:10:42,4208,2368
1oZ5Ttpg6Foh7_3BBectWoB-K0PtN5oqu,IMG_0279.JPG,1oZ5Ttpg6Foh7_3BBectWoB-K0PtN5oqu__IMG_0279.JPG,2025:11:22 18:54:52,4208,2368
1ohIhO0rsblQS9RB5ahNdxWXjIrI7Vy8q,IMG_0270.JPG,1ohIhO0rsblQS9RB5ahNdxWXjIrI7Vy8q__IMG_0270.JPG,2025:11:22 04:37:35,4208,2368
1pHkzCLKWACfmsTpxZ79YeClJJMAmbd6v,IMG_0340.JPG,1pHkzCLKWACfmsTpxZ79YeClJJMAmbd6v__IMG_0340.JPG,2025:12:11 22:50:39,4208,2368
1peHoT1LqFeITt8KwIpWF9Vdwqg4TpewG,IMG_0347.JPG,1peHoT1LqFeITt8KwIpWF9Vdwqg4TpewG__IMG_0347.JPG,2025:12:14 01:51:51,4208,2368
1q47doouETsKhfvYBqfMYZoGEpJ6QLll9,IMG_0179.JPG,1q47doouETsKhfvYBqfMYZoGEpJ6QLll9__IMG_0179.JPG,2025:11:04 16:30:46,4208,2368
1q67VVdFmnYrl95QXpW1rz0H-ccpwNqqU,IMG_0298.JPG,1q67VVdFmnYrl95QXpW1rz0H-ccpwNqqU__IMG_0298.JPG,2025:11:27 05:21:45,4208,2368
1qIR0mdmbEuQFK0Urv3LdND70Q1UooZMp,IMG_0349.JPG,1qIR0mdmbEuQFK0Urv3LdND70Q1UooZMp__IMG_0349.JPG,2025:12:14 07:15:53,4208,2368
1qdbnjXRzynjbNOFCbN3DY9q3QkrXuPRQ,IMG_0169.JPG,1qdbnjXRzynjbNOFCbN3DY9q3QkrXuPRQ__IMG_0169.JPG,2025:11:02 10:30:07,4208,2368
1qma-ov1LoBcMoNxmuLHDp3K8JNHIYiuJ,IMG_0204.JPG,1qma-ov1LoBcMoNxmuLHDp3K8JNHIYiuJ__IMG_0204.JPG,2025:11:07 12:50:48,4208,2368
1r5CfUcBYDl7KD5bYeKVXewi7vMiD-hHm,IMG_0056.JPG,1r5CfUcBYDl7KD5bYeKVXewi7vMiD-hHm__IMG_0056.JPG,2025:10:16 22:41:56,4208,2368
1rQA6nxiShn3zfjYgfG6lc_uB2sMcy9G0,IMG_0133.JPG,1rQA6nxiShn3zfjYgfG6lc_uB2sMcy9G0__IMG_0133.JPG,2025:11:01 01:13:09,4208,2368
1rYU1yn8onPxN4UJEA6z3B5KaFYlSID85,IMG_0134.JPG,1rYU1yn8onPxN4UJEA6z3B5KaFYlSID85__IMG_0134.JPG,2025:11:01 01:13:11,4208,2368
1rqcYLiJVrDSoHV8lEZMHuBC4zeYMaP_d,IMG_0275.JPG,1rqcYLiJVrDSoHV8lEZMHuBC4zeYMaP_d__IMG_0275.JPG,2025:11:22 18:29:55,4208,2368
1rqvyzMqQh1KlwUKU5KMZHzukUZ5rO-WQ,IMG_0222.JPG,1rqvyzMqQh1KlwUKU5KMZHzukUZ5rO-WQ__IMG_0222.JPG,2025:11:13 07:50:08,4208,2368
1rvi5YwYOOpxDnqWndpMCLZaWiE3iedI5,IMG_0091.JPG,1rvi5YwYOOpxDnqWndpMCLZaWiE3iedI5__IMG_0091.JPG,2025:10:19 06:10:03,4208,2368
1s9PTSPNvlgvRv_EbvmHAri_hoOp2i1Lk,IMG_0238.JPG,1s9PTSPNvlgvRv_EbvmHAri_hoOp2i1Lk__IMG_0238.JPG,2025:11:16 06:31:20,4208,2368
1sDwZYDerrHvU5q8-cCXX8rWJP7cIYcIP,IMG_0263.JPG,1sDwZYDerrHvU5q8-cCXX8rWJP7cIYcIP__IMG_0263.JPG,2025:11:20 13:29:45,4208,2368
1sWYUJk7vyf0LW858RIW9dBRcYKKcl5b-,IMG_0092.JPG,1sWYUJk7vyf0LW858RIW9dBRcYKKcl5b-__IMG_0092.JPG,2025:10:19 06:10:05,4208,2368
1swVbYF60XdIoojZSrc1BqVqo2jdHyWOf,IMG_0033.JPG,1swVbYF60XdIoojZSrc1BqVqo2jdHyWOf__IMG_0033.JPG,2025:10:12 16:04:27,4208,2368
1sxeFBC-X0NIY4MCPDvCGlSUmHdHmAqWi,IMG_0329.JPG,1sxeFBC-X0NIY4MCPDvCGlSUmHdHmAqWi__IMG_0329.JPG,2025:12:09 21:58:47,4208,2368
1t5FqvxG4x6KyGvEkEkTQ_RoEfirYigVs,IMG_0295.JPG,1t5FqvxG4x6KyGvEkEkTQ_RoEfirYigVs__IMG_0295.JPG,2025:11:25 17:37:14,4208,2368
1tNU2AgTj272AYNn58t-RKjnMn0pqD3Oy,IMG_0073.JPG,1tNU2AgTj272AYNn58t-RKjnMn0pqD3Oy__IMG_0073.JPG,2025:10:18 22:37:58,4208,2368
1tPMjfFFxeId43rqsMsgFxPgghsDHm-X8,IMG_0005.JPG,1tPMjfFFxeId43rqsMsgFxPgghsDHm-X8__IMG_0005.JPG,2025:10:09 14:03:36,4208,2368
1tXyHhZu4Km3YGRAtuQDCMKr6F9AF8Rm6,IMG_0365.JPG,1tXyHhZu4Km3YGRAtuQDCMKr6F9AF8Rm6__IMG_0365.JPG,2025:12:16 11:58:14,4208,2368
1u0WHkmEYXhO-A4V3DWvDMu7237tODQWA,IMG_0253.JPG,1u0WHkmEYXhO-A4V3DWvDMu7237tODQWA__IMG_0253.JPG,2025:11:17 01:59:54,4208,2368
1uAGsxVa-e7ifIIooi5A_kK1S6TbyZGsq,IMG_0063.JPG,1uAGsxVa-e7ifIIooi5A_kK1S6TbyZGsq__IMG_0063.JPG,2025:10:17 07:00:32,4208,2368
1uNW61yOQ3-8sYmTiyCdkYNof2Hroiv8z,IMG_0194.JPG,1uNW61yOQ3-8sYmTiyCdkYNof2Hroiv8z__IMG_0194.JPG,2025:11:06 01:22:48,4208,2368
1ue0H1RfIBIfZNrjXkI48My_IbTI4Wz5j,IMG_0236.JPG,1ue0H1RfIBIfZNrjXkI48My_IbTI4Wz5j__IMG_0236.JPG,2025:11:15 14:11:18,4208,2368
1v50NKC_Q9XVhNjOhSIUaK2pS1RGwD62k,IMG_0058.JPG,1v50NKC_Q9XVhNjOhSIUaK2pS1RGwD62k__IMG_0058.JPG,2025:10:17 05:19:44,4208,2368
1vAXFG3-2rQnZwm9MLWn9QGvsiZF7Opyk,IMG_0346.JPG,1vAXFG3-2rQnZwm9MLWn9QGvsiZF7Opyk__IMG_0346.JPG,2025:12:14 01:51:49,4208,2368
1vAg6xZA9i7c-OU-EIzM2EwDU_S7pveCv,IMG_0184.JPG,1vAg6xZA9i7c-OU-EIzM2EwDU_S7pveCv__IMG_0184.JPG,2025:11:05 06:51:15,4208,2368
1vVGAO4HoHoAGL-UBpOTGFC8_OvSni45p,IMG_0013.JPG,1vVGAO4HoHoAGL-UBpOTGFC8_OvSni45p__IMG_0013.JPG,2025:10:09 14:10:38,4208,2368
1vXGHHgO8lFZmx3PRhZoFHrvUvSehwLzx,IMG_0026.JPG,1vXGHHgO8lFZmx3PRhZoFHrvUvSehwLzx__IMG_0026.JPG,2025:10:10 03:47:24,4208,2368
1vcVjy_eO2736BpajZzyRNAmhy6GS-P5A,IMG_0035.JPG,1vcVjy_eO2736BpajZzyRNAmhy6GS-P5A__IMG_0035.JPG,2025:10:12 20:41:48,4208,2368
1vtG1Hi4GA6kHjFhbbJHuHKnhug7KmlmC,IMG_0055.JPG,1vtG1Hi4GA6kHjFhbbJHuHKnhug7KmlmC__IMG_0055.JPG,2025:10:16 22:41:54,4208,2368
1vwep5_VFDQtOwv_vLaeNtDRQFnehiM7A,IMG_0357.JPG,1vwep5_VFDQtOwv_vLaeNtDRQFnehiM7A__IMG_0357.JPG,2025:12:14 22:56:26,4208,2368
1wBr2m35GNDSpWd0X33zZIask5x3pb_X4,IMG_0019.JPG,1wBr2m35GNDSpWd0X33zZIask5x3pb_X4__IMG_0019.JPG,2025:10:09 14:12:48,4208,2368
1wdXkV8vyRv7AWcxVs8t-7Xgu-g9okBGI,IMG_0156.JPG,1wdXkV8vyRv7AWcxVs8t-7Xgu-g9okBGI__IMG_0156.JPG,2025:11:02 04:39:22,4208,2368
1x-MU-BeDKwyoP3PKKXDbKJWBglWfV6Um,IMG_0314.JPG,1x-MU-BeDKwyoP3PKKXDbKJWBglWfV6Um__IMG_0314.JPG,2025:12:03 22:54:46,4208,2368
1xN4W8-GqHUs85QC_NncGsqZM6J8855SS,IMG_0234.JPG,1xN4W8-GqHUs85QC_NncGsqZM6J8855SS__IMG_0234.JPG,2025:11:15 12:01:22,4208,2368
1xSWUAZ-fmzaZBM6J-QWPb3kCQSDrIk2R,IMG_0293.JPG,1xSWUAZ-fmzaZBM6J-QWPb3kCQSDrIk2R__IMG_0293.JPG,2025:11:25 03:38:06,4208,2368
1xTfOwRtfmtlLb-qTb-VH_fXDO9tgmot9,IMG_0326.JPG,1xTfOwRtfmtlLb-qTb-VH_fXDO9tgmot9__IMG_0326.JPG,2025:12:08 09:59:13,4208,2368
1xUhH8MlkuaSsH0w9yJ5Y3Vzs8-EAqkpa,IMG_0174.JPG,1xUhH8MlkuaSsH0w9yJ5Y3Vzs8-EAqkpa__IMG_0174.JPG,2025:11:02 10:31:34,4208,2368
1xbeyIuytaudFrZatKG0t6heSDkLbTGEp,IMG_0018.JPG,1xbeyIuytaudFrZatKG0t6heSDkLbTGEp__IMG_0018.JPG,2025:10:09 14:11:47,4208,2368
1y63T-WnL5ou4u_v0fRZ9lH6_8wXNUI5w,IMG_0067.JPG,1y63T-WnL5ou4u_v0fRZ9lH6_8wXNUI5w__IMG_0067.JPG,2025:10:18 08:56:53,4208,2368
1yBf2i83Bm2bn-GUacx0L2V67wFQSxFkl,IMG_0049.JPG,1yBf2i83Bm2bn-GUacx0L2V67wFQSxFkl__IMG_0049.JPG,2025:10:15 07:44:15,4208,2368
1yEUZVyCVaMAxKlm6_kvviVAaIbF41hOZ,IMG_0165.JPG,1yEUZVyCVaMAxKlm6_kvviVAaIbF41hOZ__IMG_0165.JPG,2025:11:02 04:47:08,4208,2368
1yhrdda3yHHajjJ0zQFcNfg7R5yXSK9-j,IMG_0173.JPG,1yhrdda3yHHajjJ0zQFcNfg7R5yXSK9-j__IMG_0173.JPG,2025:11:02 10:31:32,4208,2368
1yiJ8qO6JomY7rvNnsglVnkjetkqZOMEX,IMG_0211.JPG,1yiJ8qO6JomY7rvNnsglVnkjetkqZOMEX__IMG_0211.JPG,2025:11:11 05:28:43,4208,2368
1yl0T4MRsY13dxTXmz5EHlXgLTUEfeqC1,IMG_0345.JPG,1yl0T4MRsY13dxTXmz5EHlXgLTUEfeqC1__IMG_0345.JPG,2025:12:13 23:45:22,4208,2368
1ytkVKOVYfCgC2K-3WjCxl8klnGrVvHey,IMG_0153.JPG,1ytkVKOVYfCgC2K-3WjCxl8klnGrVvHey__IMG_0153.JPG,2025:11:02 04:38:12,4208,2368
1z-aVaoJxobCAQA_ODO7qcRFhSUFZJ-nW,IMG_0155.JPG,1z-aVaoJxobCAQA_ODO7qcRFhSUFZJ-nW__IMG_0155.JPG,2025:11:02 04:39:20,4208,2368
1z7_OK0eGbp2MJm1fHQWontfKseABEKdB,IMG_0321.JPG,1z7_OK0eGbp2MJm1fHQWontfKseABEKdB__IMG_0321.JPG,2025:12:04 20:57:30,4208,2368
1z8NL9OMgUv9nANjTzr7dEPAW1cuWSxFs,IMG_0177.JPG,1z8NL9OMgUv9nANjTzr7dEPAW1cuWSxFs__IMG_0177.JPG,2025:11:03 07:12:29,4208,2368
1zk2KUjWqlxNhZyITwG0vOPqno1zxqR4R,IMG_0094.JPG,1zk2KUjWqlxNhZyITwG0vOPqno1zxqR4R__IMG_0094.JPG,2025:10:19 06:33:36,4208,2368
1zr1K_RXkVUfG-dl3gPTT8PPGk3Z3cSpp,IMG_0267.JPG,1zr1K_RXkVUfG-dl3gPTT8PPGk3Z3cSpp__IMG_0267.JPG,2025:11:21 10:08:15,4208,2368
